ProductName,Current_Price,MRP,Proccessor,Ram,Storage
Lenovo IdeaPad 3 Core i3 10th Gen,31990,53790,Intel Core i3 Processor (10th Gen),4 GB DDR4 RAM,256 GB SSD
realme Book(Slim) Intel Evo Core i5 11th Gen,59990,69999,Powered by 11th Gen Intel Evo Core i5 Processor,Microsoft Office 2019 Home & Student Included,Intel Core i5 Processor (11th Gen)
ASUS VivoBook 15 (2022) Core i3 10th Gen,32990,45990,Intel Core i3 Processor (10th Gen),8 GB DDR4 RAM,512 GB SSD
HP Pavilion Ryzen 5 Hexa Core AMD R5,52990,63539,AMD Ryzen 5 Hexa Core Processor,8 GB DDR4 RAM,512 GB SSD
Lenovo Intel Celeron Dual Core,28490,40490,Intel Celeron Dual Core Processor,8 GB DDR4 RAM,256 GB SSD
ASUS TUF Gaming A17 with 90Whr Battery Ryzen 5 Hexa Core AMD R5,63990,71990,AMD Ryzen 5 Hexa Core Processor,8 GB DDR4 RAM,512 GB SSD
acer Aspire 3 Ryzen 3 Dual Core 3250U,26990,42999,AMD Ryzen 3 Dual Core Processor,8 GB DDR4 RAM,256 GB SSD
HP 14s Intel Core i3 11th Gen,35990,47206,Intel Core i3 Processor (11th Gen),8 GB DDR4 RAM,256 GB SSD
Lenovo V15 G2 Core i3 11th Gen,33999,59760,Intel Core i3 Processor (11th Gen),8 GB DDR4 RAM,512 GB SSD
RedmiBook Pro Core i5 11th Gen,39990,59999,Intel Core i5 Processor (11th Gen),8 GB DDR4 RAM,512 GB SSD
HP Intel Core i5 11th Gen,52990,56903,Intel Core i5 Processor (11th Gen),8 GB DDR4 RAM,512 GB SSD
HP Ryzen 3 Dual Core 3250U,29990,43631,AMD Ryzen 3 Dual Core Processor,8 GB DDR4 RAM,256 GB SSD
HP Ryzen 5 Hexa Core 5500U,45727,59778,AMD Ryzen 5 Hexa Core Processor,8 GB DDR4 RAM,512 GB SSD
ASUS Vivobook Ultra 14 (2022) Core i5 11th Gen,56990,81990,Intel Core i5 Processor (11th Gen),16 GB DDR4 RAM,512 GB SSD
ASUS VivoBook 14 (2021) Celeron Dual Core,23990,33990,Intel Celeron Dual Core Processor,4 GB DDR4 RAM,256 GB SSD
DELL Vostro Core i3 11th Gen,42290,58489,Processor: Intel i3-1115G4 (Base- 1.7 GHz & Turbo up to 4.10 GHz) 2 Cores,RAM & Storage: 8GB DDR4 & 1TB HDD + 256GB SSD,"Display: 15.6"" FHD WVA AG Narrow Border"
HP 15s Intel Core i3 11th Gen,40990,50585,Intel Core i3 Processor (11th Gen),8 GB DDR4 RAM,512 GB SSD
ASUS Vivobook 15 Touch Core i3 11th Gen,41990,60990,Intel Core i3 Processor (11th Gen),8 GB DDR4 RAM,512 GB SSD
HP 15s Intel Core i5 12th Gen,56899,70235,Intel Core i5 Processor (12th Gen),8 GB DDR4 RAM,512 GB SSD
Lenovo V15 G2 Core i3 11th Gen,35999,60120,Intel Core i3 Processor (11th Gen),8 GB DDR4 RAM,1 TB HDD|256 GB SSD
HP Ryzen 5 Hexa Core 5500U,50490,59108,AMD Ryzen 5 Hexa Core Processor,16 GB DDR4 RAM,512 GB SSD
ASUS Vivobook 15 Core i3 10th Gen,33990,50990,Intel Core i3 Processor (10th Gen),8 GB DDR4 RAM,512 GB SSD
HP G8 Ryzen 3 Dual Core AMD Ryzen 3 3250U,28490,40528,AMD Ryzen 3 Dual Core Processor,8 GB DDR4 RAM,512 GB SSD
Lenovo Celeron Dual Core,19990,36000,Intel Celeron Dual Core Processor,4 GB LPDDR4 RAM,256 GB HDD|256 GB SSD
HP 14s Intel Core i5 12th Gen,58899,75191,Intel Core i5 Processor (12th Gen),16 GB DDR4 RAM,512 GB SSD
ASUS Core i7 11th Gen,56990,80990,Intel Core i7 Processor (11th Gen),16 GB DDR4 RAM,512 GB SSD
Infinix INBook X1 Neo Series Celeron Quad Core,20990,29990,Intel Celeron Quad Core Processor,4 GB LPDDR4X RAM,128 GB SSD
Lenovo IdeaPad 3 Core i3 10th Gen,31990,53790,Intel Core i3 Processor (10th Gen),4 GB DDR4 RAM,256 GB SSD
ASUS Vivobook Pro 15 Ryzen 7 Octa Core AMD R7,59990,82990,AMD Ryzen 7 Octa Core Processor,16 GB DDR4 RAM,512 GB SSD
ASUS Vivobook 15 Core i3 11th Gen,39990,50990,Intel Core i3 Processor (11th Gen),8 GB DDR4 RAM,512 GB SSD
HP Ryzen 5 Hexa Core 5500U,50499,63289,AMD Ryzen 5 Hexa Core Processor,16 GB DDR4 RAM,512 GB SSD
realme Book(Slim) Intel Evo Core i5 11th Gen,59990,69999,Powered by 11th Gen Intel Evo Core i5 Processor,Microsoft Office 2019 Home & Student Included,Intel Core i5 Processor (11th Gen)
MSI Core i5 11th Gen,59990,78990,Intel Core i5 Processor (11th Gen),8 GB DDR4 RAM,512 GB SSD
DELL Inspiron Core i3 11th Gen,42490,61202,Processor: Intel i3-1115G4 (Base- 1.70 GHz & Turbo up to 4.10 GHz) 2 Cores,RAM & Storage: 8GB DDR4 & 1TB + 256GB SSD,"Display: 15.6"" FHD WVA AG Narrow Border"
SAMSUNG Galaxy Book Go Snapdragon 7c Gen 2,32990,47990,Qualcomm Snapdragon 7c Gen 2 Processor,4 GB LPDDR4X RAM,35.56 cm (14 Inch) Display
Lenovo Ryzen 5 Hexa Core 5600H,59490,89490,AMD Ryzen 5 Hexa Core Processor,8 GB DDR4 RAM,256 GB SSD
MSI Bravo 15 Ryzen 5 Hexa Core AMD R5,49990,72990,AMD Ryzen 5 Hexa Core Processor,8 GB DDR4 RAM,512 GB SSD
ASUS Vivobook 15 Core i3 10th Gen,33990,50990,Intel Core i3 Processor (10th Gen),8 GB DDR4 RAM,512 GB SSD
HP Pavilion Ryzen 5 Hexa Core 5625U,53990,63325,AMD Ryzen 5 Hexa Core Processor,8 GB DDR4 RAM,512 GB SSD
acer Aspire 7 Ryzen 5 Hexa Core 5500U,58990,89999,AMD Ryzen 5 Hexa Core Processor,16 GB DDR4 RAM,512 GB SSD
Lenovo IdeaPad Gaming Core i5 11th Gen,52990,76890,Intel Core i5 Processor (11th Gen),8 GB DDR4 RAM,512 GB SSD
Lenovo Intel Core i3 10th Gen,33990,50290,Intel Core i3 Processor (10th Gen),8 GB DDR4 RAM,256 GB SSD
Lenovo Celeron Dual Core,28490,40490,Intel Celeron Dual Core Processor,8 GB DDR4 RAM,256 GB SSD
acer Extensa Core i5 11th Gen,42990,57999,Intel Core i5 Processor (11th Gen),8 GB DDR4 RAM,512 GB SSD
DELL Inspiron Core i3 11th Gen,54300,68658,Processor: Intel i3-1125G4 (2.00 GHz up to 3.70 GHz),RAM & Storage: 8GB DDR4 (2 DIMM Slots) & 256GB SSD,"Display: 14.0"" FHD WVA Truelife Touch Narrow Border 60Hz"
HP 14s Intel Core i3 11th Gen,41990,49509,Intel Core i3 Processor (11th Gen),8 GB DDR4 RAM,512 GB SSD
DELL Core i5 12th Gen,57990,75649,Processor: Intel i5-1235U (Base- 3.30 GHz & Turbo up to 4.40 GHz) 10 Cores,RAM & Storage: 8GB DDR4 & 512GB SSD,"Display: 15.6"" FHD WVA AG 120Hz 250 nits Narrow Border"
HP Ryzen 3 Quad Core 5300U,38490,45991,AMD Ryzen 3 Quad Core Processor,8 GB DDR4 RAM,512 GB SSD
HP Pavilion Ryzen 5 Hexa Core 5625U,61990,69082,AMD Ryzen 5 Hexa Core Processor,16 GB DDR4 RAM,512 GB SSD
Lenovo IdeaPad 3 Core i3 10th Gen,33990,59390,Intel Core i3 Processor (10th Gen),8 GB DDR4 RAM,256 GB SSD
acer Extensa Core i3 11th Gen,32990,39999,Intel Core i3 Processor (11th Gen),8 GB DDR4 RAM,256 GB SSD
Lenovo IdeaPad 3 Core i3 10th Gen,31990,53790,Intel Core i3 Processor (10th Gen),4 GB DDR4 RAM,256 GB SSD
ASUS VivoBook K15 OLED (2022) Ryzen 5 Hexa Core AMD R5,53990,78990,AMD Ryzen 5 Hexa Core Processor,8 GB DDR4 RAM,1 TB HDD|256 GB SSD
HP 15s Intel Core i3 12th Gen,47490,56260,Intel Core i3 Processor (12th Gen),8 GB DDR4 RAM,512 GB SSD
ASUS Vivobook Pro 15 Ryzen 7 Octa Core AMD R7,59990,82990,AMD Ryzen 7 Octa Core Processor,16 GB DDR4 RAM,512 GB SSD
realme Book(Slim) Intel Evo Core i5 11th Gen,59990,69999,Powered by 11th Gen Intel Evo Core i5 Processor,Microsoft Office 2019 Home & Student Included,Intel Core i5 Processor (11th Gen)
ASUS Vivobook 15 Core i5 11th Gen,50990,69990,Intel Core i5 Processor (11th Gen),8 GB DDR4 RAM,512 GB SSD
ASUS Vivobook 15 Core i5 12th Gen,59490,72990,Intel Core i5 Processor (12th Gen),8 GB DDR4 RAM,512 GB SSD
ASUS Vivobook 15 Touch Core i5 11th Gen,51990,74990,Intel Core i5 Processor (11th Gen),8 GB DDR4 RAM,512 GB SSD
Lenovo Ryzen 5 Hexa Core 5600H,59490,89490,AMD Ryzen 5 Hexa Core Processor,8 GB DDR4 RAM,256 GB SSD
ASUS VivoBook K15 OLED (2022) Core i3 11th Gen,45990,62990,Intel Core i3 Processor (11th Gen),8 GB DDR4 RAM,512 GB SSD
ASUS VivoBook 14 (2022) Ryzen 5 Quad Core AMD R5,38990,57990,AMD Ryzen 5 Quad Core Processor,8 GB DDR4 RAM,512 GB SSD
ASUS Vivobook 14 (2022) Core i5 12th Gen,56990,70990,Intel Core i5 Processor (12th Gen),8 GB DDR4 RAM,512 GB SSD
ASUS Vivobook 15 Core i5 11th Gen,50990,69990,Intel Core i5 Processor (11th Gen),8 GB DDR4 RAM,512 GB SSD
Lenovo Ideapad Gaming 3 Ryzen 5 Hexa Core AMD R5,58490,76890,AMD Ryzen 5 Hexa Core Processor,8 GB DDR4 RAM,512 GB SSD
ASUS VivoBook K15 OLED Ryzen 5 Hexa Core AMD R5,58990,80990,AMD Ryzen 5 Hexa Core Processor,16 GB DDR4 RAM,512 GB SSD
HP Victus Ryzen 5 Hexa Core 5600H,59990,76021,AMD Ryzen 5 Hexa Core Processor,8 GB DDR4 RAM,512 GB SSD
DELL Inspiron Ryzen 5 Hexa Core 5625U,52490,69031,Processor: R5-5625U (2.30 GHz up to 4.30 GHz),RAM & Storage: 8GB DDR4 & 512GB SSD,Software: Win 11 + Office H&S 2021
acer Aspire Core i3 12th Gen,42990,54999,Intel Core i3 Processor (12th Gen),8 GB DDR4 RAM,512 GB SSD
DELL Core i5 12th Gen,57990,80473,Processor: Intel i5-1235U (Base- 3.30 GHz & Turbo up to 4.40 GHz) 10 Cores,RAM & Storage: 8GB DDR4 & 1TB + 256GB SSD,"Display: 15.6"" FHD WVA AG 120Hz 250 nits Narrow Border"
Lenovo IdeaPad Ryzen 5 Hexa Core 5500U,48990,90990,AMD Ryzen 5 Hexa Core Processor,8 GB DDR4 RAM,512 GB SSD
MSI Core i5 11th Gen,63990,83990,Intel Core i5 Processor (11th Gen),8 GB DDR4 RAM,512 GB SSD
Lenovo IdeaPad Core i5 11th Gen,54990,83890,Intel Core i5 Processor (11th Gen),8 GB DDR4 RAM,512 GB SSD
ASUS VivoBook K15 OLED (2022) Core i5 11th Gen,64990,85990,Intel Core i5 Processor (11th Gen),16 GB DDR4 RAM,1 TB HDD|256 GB SSD
ASUS Vivobook Pro 15 OLED Ryzen 7 Octa Core AMD R7,65990,88990,AMD Ryzen 7 Octa Core Processor,16 GB DDR4 RAM,512 GB SSD
Lenovo IdeaPad 3 Core i3 10th Gen,31990,53790,Intel Core i3 Processor (10th Gen),4 GB DDR4 RAM,256 GB SSD
ASUS Vivobook 14 (2022) Core i5 12th Gen,66990,82990,Intel Core i5 Processor (12th Gen),16 GB DDR4 RAM,512 GB SSD
acer Aspire 7 Ryzen 5 Hexa Core AMD R5,54990,76999,Free upgrade to Windows 11 when available,AMD Ryzen 5 Hexa Core Processor,64 bit Windows 11 Operating System
ASUS Vivobook 16X Ryzen 5 Hexa Core R5,54990,74990,AMD Ryzen 5 Hexa Core Processor,16 GB DDR4 RAM,512 GB SSD
realme Book(Slim) Intel Evo Core i5 11th Gen,59990,69999,Powered by 11th Gen Intel Evo Core i5 Processor,Microsoft Office 2019 Home & Student Included,Intel Core i5 Processor (11th Gen)
ASUS Vivobook 14 Pentium Quad Core,32311,40990,Intel Pentium Quad Core Processor,8 GB DDR4 RAM,256 GB SSD
ASUS TUF Gaming F15 Core i5 10th Gen,65990,84990,Intel Core i5 Processor (10th Gen),8 GB DDR4 RAM,1 TB SSD
acer Extensa Core i3 11th Gen,34990,43999,Intel Core i3 Processor (11th Gen),8 GB DDR4 RAM,512 GB SSD
ASUS VivoBook K15 OLED Ryzen 7 Octa Core AMD R7,63990,86990,AMD Ryzen 7 Octa Core Processor,16 GB DDR4 RAM,512 GB SSD
ASUS VivoBook Flip 14 Core i3 11th Gen,44990,63990,Intel Core i3 Processor (11th Gen),8 GB LPDDR4X RAM,256 GB SSD
acer Aspire 3 Dual Core 3020e,24990,34999,AMD Dual Core Processor,4 GB DDR4 RAM,256 GB SSD
HP Pavilion Intel Core i5 12th Gen,63990,73688,Intel Core i5 Processor (12th Gen),8 GB DDR4 RAM,512 GB SSD
ASUS TUF Gaming A15 Ryzen 5 Hexa Core AMD R5,65990,75990,AMD Ryzen 5 Hexa Core Processor,8 GB DDR4 RAM,1 TB SSD
ASUS TUF Gaming F15 Core i5 10th Gen,65990,84990,Intel Core i5 Processor (10th Gen),8 GB DDR4 RAM,1 TB SSD
Lenovo IdeaPad Core i5 11th Gen,59990,97890,Intel Core i5 Processor (11th Gen),16 GB DDR4 RAM,512 GB SSD
ASUS VivoBook K15 OLED Ryzen 7 Octa Core AMD R7,63990,86990,AMD Ryzen 7 Octa Core Processor,16 GB DDR4 RAM,512 GB SSD
HP Victus Ryzen 7 Octa Core 5800H,66990,90056,AMD Ryzen 7 Octa Core Processor,8 GB DDR4 RAM,512 GB SSD
ASUS VivoBook 15 (2022) Core i5 10th Gen,46990,62990,Intel Core i5 Processor (10th Gen),8 GB DDR4 RAM,512 GB SSD
Lenovo Intel Core i3 11th Gen,40990,61390,Intel Core i3 Processor (11th Gen),8 GB DDR4 RAM,512 GB SSD
HP Victus Ryzen 5 Hexa Core 5600H,59990,76021,AMD Ryzen 5 Hexa Core Processor,8 GB DDR4 RAM,512 GB SSD
ASUS VivoBook 14 (2022) Core i3 12th Gen,47990,62990,Intel Core i3 Processor (12th Gen),8 GB DDR4 RAM,512 GB SSD
ASUS VivoBook Flip 14 Core i3 11th Gen,49990,69990,Intel Core i3 Processor (11th Gen),8 GB LPDDR4X RAM,512 GB SSD
DELL Inspiron Ryzen 3 Dual Core 3250U,41190,54435,AMD Ryzen 3 Dual Core Processor,8 GB DDR4 RAM,512 GB SSD
HP Laptop with Backlit Keyboard Core i3 11th Gen,43499,51724,Intel Core i3 Processor (11th Gen),8 GB DDR4 RAM,512 GB SSD
Lenovo IdeaPad 3 Core i3 10th Gen,31990,53790,Intel Core i3 Processor (10th Gen),4 GB DDR4 RAM,256 GB SSD
ASUS Core i3 12th Gen,44990,54990,Intel Core i3 Processor (12th Gen),8 GB DDR4 RAM,256 GB SSD
ASUS VivoBook Ultra Ryzen 7 Octa Core AMD R7,57990,84990,AMD Ryzen 7 Octa Core Processor,8 GB DDR4 RAM,512 GB SSD
Lenovo Ideapad Slim 3 Core i3 10th Gen,35990,61490,Intel Core i3 Processor (10th Gen),8 GB DDR4 RAM,512 GB SSD
realme Book(Slim) Intel Evo Core i5 11th Gen,59990,69999,Powered by 11th Gen Intel Evo Core i5 Processor,Microsoft Office 2019 Home & Student Included,Intel Core i5 Processor (11th Gen)
DELL Ryzen 3 Quad Core 5425U,41490,56834,Processor: R3-5425U (2.70 GHz up to 4.1 GHz),RAM & Storage: 8GB DDR4 & 512GB SSD,Software: Win 11 + Office H&S 2021
Lenovo IdeaPad Gaming 3 Core i5 11th Gen,64990,93690,Intel Core i5 Processor (11th Gen),8 GB DDR4 RAM,512 GB SSD
ASUS VivoBook K15 OLED (2022) Core i3 11th Gen,42990,58990,Intel Core i3 Processor (11th Gen),8 GB DDR4 RAM,256 GB SSD
Infinix INBook X2 Plus Core i3 11th Gen,37990,44990,Intel Core i3 Processor (11th Gen),8 GB LPDDR4X RAM,256 GB SSD
ASUS VivoBook Flip 14 Core i5 11th Gen,63990,82990,Intel Core i5 Processor (11th Gen),8 GB LPDDR4X RAM,512 GB SSD
ASUS Chromebook Flip Touch Celeron Dual Core,15990,31990,Intel Celeron Dual Core Processor,4 GB LPDDR4 RAM,29.46 cm (11.6 inch) Touchscreen Display
MSI Core i7 12th Gen,68490,83990,Intel Core i7 Processor (12th Gen),16 GB DDR4 RAM,512 GB SSD
ASUS Ryzen 5 Hexa Core,54990,72994,AMD Ryzen 5 Hexa Core Processor,8 GB DDR4 RAM,512 GB SSD
DELL Inspiron Pentium Silver,32000,44319,Processor: Intel PQC-N5030 (1.10 GHz up to 3.10 GHz),RAM & Storage: 8GB DDR4 & 256GB SSD,Software: Win 11 + Office H&S 2021
ASUS Vivobook Pro 15 OLED Ryzen 7 Octa Core AMD R7,65990,88990,AMD Ryzen 7 Octa Core Processor,16 GB DDR4 RAM,512 GB SSD
DELL Inspiron Core i3 12th Gen,61390,78145,Processor: Intel i3-1215U (0.9 GHz up to 4.40 GHz), 6 Cores," 10MB CPU Cache, 512GB SSD"
DELL Inspiron Core i3 11th Gen,40990,57245,Processor-i3-1115G4 Processor upto 4.1 GHz Speed,RAM & Storage: 8GB DDR4," 256GB SSD, SD Card reader"
Lenovo IdeaPad Slim 5 Ryzen 7 Hexa Core 5700U,65990,93690,AMD Ryzen 7 Hexa Core Processor,16 GB DDR4 RAM,512 GB SSD
Lenovo IdeaPad 3 Core i3 11th Gen,40990,59390,Intel Core i3 Processor (11th Gen),8 GB DDR4 RAM,512 GB SSD
Lenovo IdeaPad 3 Ryzen 5 Hexa Core 5500U,48990,68490,AMD Ryzen 5 Hexa Core Processor,8 GB DDR4 RAM,512 GB SSD
Lenovo IdeaPad 1 Ryzen 3 Dual Core 3250U,37990,54490,AMD Ryzen 3 Dual Core Processor,8 GB DDR4 RAM,512 GB SSD
Infinix INBook X1 Core i5 10th Gen,47999,59999,Intel Core i5 Processor (10th Gen),8 GB LPDDR4X RAM,512 GB SSD
Lenovo IdeaPad 3 Ryzen 5 Hexa Core 5500U,48990,68490,AMD Ryzen 5 Hexa Core Processor,8 GB DDR4 RAM,512 GB SSD
Lenovo IdeaPad 1 Ryzen 3 Dual Core 3250U,37990,54490,AMD Ryzen 3 Dual Core Processor,8 GB DDR4 RAM,512 GB SSD
Lenovo IdeaPad 3 Core i3 10th Gen,31990,53790,Intel Core i3 Processor (10th Gen),4 GB DDR4 RAM,256 GB SSD
ASUS Vivobook 14 Core i5 10th Gen,49490,73990,Intel Core i5 Processor (10th Gen),16 GB DDR4 RAM,512 GB SSD
ASUS Eeebook 14 Pentium Quad Core,28990,40990,Intel Pentium Quad Core Processor,8 GB DDR4 RAM,256 GB SSD
ASUS Vivobook 14 (2022) Core i5 12th Gen,66990,82990,Intel Core i5 Processor (12th Gen),16 GB DDR4 RAM,512 GB SSD
realme Book(Slim) Intel Evo Core i5 11th Gen,59990,69999,Powered by 11th Gen Intel Evo Core i5 Processor,Microsoft Office 2019 Home & Student Included,Intel Core i5 Processor (11th Gen)
Lenovo V15 G2 Core i5 11th Gen,49490,81450,Intel Core i5 Processor (11th Gen),8 GB DDR4 RAM,512 GB SSD
DELL Inspiron Ryzen 3 Dual Core 3250U,36690,52433,AMD Ryzen 3 Dual Core Processor,8 GB DDR4 RAM,256 GB SSD
ASUS EeeBook 14 with NumberPad Pentium Silver,27990,40990,Intel Pentium Silver Processor,8 GB DDR4 RAM,256 GB SSD
acer Aspire Ryzen 5 Quad Core 3500U,35990,54999,AMD Ryzen 5 Quad Core Processor,8 GB DDR4 RAM,512 GB SSD
Lenovo Core i3 11th Gen,38790,58680,Intel Core i3 Processor (11th Gen),8 GB DDR4 RAM,1 TB HDD|256 GB SSD
acer Extensa 15 Core i3 11th Gen,32490,44999,Intel Core i3 Processor (11th Gen),4 GB DDR4 RAM,256 GB SSD
DELL Inspiron Ryzen 3 Quad Core 5425U,44190,56748,AMD Ryzen 3 Quad Core Processor,8 GB DDR4 RAM,512 GB SSD
ASUS VivoBook 14 (2022) Core i3 12th Gen,47990,62990,Intel Core i3 Processor (12th Gen),8 GB DDR4 RAM,512 GB SSD
ASUS Vivobook Ultra 14 (2022) Core i3 11th Gen,40990,58990,Intel Core i3 Processor (11th Gen),8 GB DDR4 RAM,512 GB SSD
Infinix X1 Slim Series Core i3 10th Gen,35990,49999,Intel Core i3 Processor (10th Gen),8 GB LPDDR4X RAM,256 GB SSD
DELL Vostro Core i3 10th Gen,41990,54783,Intel Core i3 Processor (10th Gen),8 GB DDR4 RAM,512 GB SSD
realme Book (Slim) Core i3 11th Gen,46990,54999,Stylish & Portable Thin and Light Laptop,14 inch 2K QHD, IPS LCD Display ( 400nits peak brightness
ASUS Vivobook 14 (2022) Core i3 12th Gen,49990,62990,Intel Core i3 Processor (12th Gen),8 GB DDR4 RAM,512 GB SSD
Lenovo IdeaPad 3 Core i5 11th Gen,55490,71990,Intel Core i5 Processor (11th Gen),8 GB DDR4 RAM,512 GB SSD
ASUS VivoBook K15 OLED (2022) Core i3 11th Gen,55000,58990,Intel Core i3 Processor (11th Gen),8 GB DDR4 RAM,256 GB SSD
DELL Core i3 12th Gen,56749,73735,Processor: Intel i3-1215U (0.9 GHz up to 4.40 GHz), 6 Cores & 10 MB CPU Cache,RAM & Storage: 8GB
HP 255 G8 Ryzen 3 Dual Core AMD Ryzen3 3250,34190,44912,AMD Ryzen 3 Dual Core Processor,8 GB DDR4 RAM,512 GB SSD
ASUS VivoBook Flip 14 Core i3 11th Gen,44990,66990,Intel Core i3 Processor (11th Gen),8 GB LPDDR4X RAM,256 GB SSD
HP Ryzen 7 Octa Core 5700U,64990,71766,AMD Ryzen 7 Octa Core Processor,16 GB DDR4 RAM,512 GB SSD
Lenovo IdeaPad 3 Core i3 10th Gen,31990,53790,Intel Core i3 Processor (10th Gen),4 GB DDR4 RAM,256 GB SSD
HP Ryzen 5 Hexa Core 5500U,46329,61388,AMD Ryzen 5 Hexa Core Processor,8 GB DDR4 RAM,512 GB SSD
Lenovo Core i3 11th Gen,40990,90990,Intel Core i3 Processor (11th Gen),8 GB DDR4 RAM,512 GB SSD
acer Nitro 5 Ryzen 5 Hexa Core 5600H,63990,95999,AMD Ryzen 5 Hexa Core Processor,16 GB DDR4 RAM,512 GB SSD
realme Book(Slim) Intel Evo Core i5 11th Gen,59990,69999,Powered by 11th Gen Intel Evo Core i5 Processor,Microsoft Office 2019 Home & Student Included,Intel Core i5 Processor (11th Gen)
DELL Core i3 11th Gen,60900,73600,Intel Core i3 Processor (11th Gen),8 GB DDR4 RAM,512 GB SSD
DELL Core i3 11th Gen,45990,58200,Intel Core i3 Processor (11th Gen),8 GB DDR4 RAM,512 GB SSD
HP 15s Intel Core i3 11th Gen,39890,47264,Intel Core i3 Processor (11th Gen),8 GB DDR4 RAM,256 GB SSD
ASUS Core i3 10th Gen,33990,50990,Intel Core i3 Processor (10th Gen),8 GB DDR4 RAM,512 GB SSD
Infinix X1 Slim Series Core i5 10th Gen,49990,64999,Intel Core i5 Processor (10th Gen),16 GB LPDDR4X RAM,512 GB SSD
DELL Vostro Ryzen 3 Dual Core R3,36400,50651,Processor: AMD Ryzen 3-3250U (2.60 GHz up to 3.50 GHz),RAM & Storage: 8GB DDR4 (2 DIMM Slots) & 1TB HDD,"Display: 14.0"" FHD WVA AG Narrow Border"
Lenovo IdeaPad 1 Ryzen 5 Quad Core 3500U,45490,60090,AMD Ryzen 5 Quad Core Processor,8 GB DDR4 RAM,512 GB SSD
Lenovo Ideapad AMD Ryzen 5 Hexa Core 5500U,48990,68490,AMD Ryzen 5 Hexa Core Processor,8 GB DDR4 RAM,512 GB SSD
HP Intel Core i3 11th Gen,40990,45892,Intel Core i3 Processor (11th Gen),8 GB DDR4 RAM,256 GB SSD
ASUS Core i3 11th Gen,33990,44990,Intel Core i3 Processor (11th Gen),4 GB DDR4 RAM,256 GB SSD
DELL Inspiron Core i3 10th Gen,39890,44634,Intel Core i3 Processor (10th Gen),4 GB DDR4 RAM,256 GB SSD
HP Ryzen 7 Octa Core 5700U,60990,73625,AMD Ryzen 7 Octa Core Processor,8 GB DDR4 RAM,512 GB SSD
acer Nitro 5 Ryzen 5 Hexa Core 4600H,61490,99999,Free upgrade to Windows 11 when available,AMD Ryzen 5 Hexa Core Processor,64 bit Windows 10 Operating System
HP 15s Intel Core i3 11th Gen,44650,50982,Intel Core i3 Processor (11th Gen),8 GB DDR4 RAM,512 GB SSD
DELL Core i5 11th Gen,67990,75826,NVIDIA RTX 3050 Graphics upto 90W TGP,15.6 inch Full HD AG Display (250 nits Brightness, 120Hz
Infinix INBook X2 Plus Core i3 11th Gen,40990,49990,Intel Core i3 Processor (11th Gen),8 GB LPDDR4X RAM,512 GB SSD
ASUS Core i3 12th Gen,42990,57990,Intel Core i3 Processor (12th Gen),8 GB DDR4 RAM,512 GB SSD
HP Core i3 11th Gen,43250,51724,Intel Core i3 Processor (11th Gen),8 GB DDR4 RAM,512 GB SSD
ASUS Ryzen 3 Dual Core,33990,48990,AMD Ryzen 3 Dual Core Processor,8 GB DDR4 RAM,256 GB SSD
Lenovo IdeaPad 3 Core i3 10th Gen,31990,53790,Intel Core i3 Processor (10th Gen),4 GB DDR4 RAM,256 GB SSD
Infinix INBook X1 Neo Series Celeron Quad Core,24999,39990,Intel Celeron Quad Core Processor,8 GB LPDDR4X RAM,256 GB SSD
Lenovo IdeaPad Gaming 3 Ryzen 5 Hexa Core AMD R5,65990,95790,AMD Ryzen 5 Hexa Core Processor,8 GB DDR4 RAM,512 GB SSD
Infinix X1 Slim Series Core i7 10th Gen,54990,69999,Intel Core i7 Processor (10th Gen),16 GB LPDDR4X RAM,512 GB SSD
realme Book(Slim) Intel Evo Core i5 11th Gen,59990,69999,Powered by 11th Gen Intel Evo Core i5 Processor,Microsoft Office 2019 Home & Student Included,Intel Core i5 Processor (11th Gen)
acer Aspire 7 Core i5 12th Gen,57990,83999,Intel Core i5 Processor (12th Gen),8 GB DDR4 RAM,512 GB SSD
DELL Inspiron Core i5 11th Gen,69890,87600,Intel Core i5 Processor (11th Gen),16 GB DDR4 RAM,512 GB SSD
Lenovo IdeaPad 3 Core i3 11th Gen,37490,61590,Intel Core i3 Processor (11th Gen),8 GB DDR4 RAM,256 GB SSD
DELL Inspiron Core i5 12th Gen,65390,85751,Intel Core i5 Processor (12th Gen),8 GB DDR4 RAM,512 GB SSD
Lenovo IdeaPad 3 Core i5 12th Gen,62490,76890,Intel Core i5 Processor (12th Gen),8 GB DDR4 RAM,512 GB SSD
Lenovo IdeaPad Flex 5 Ryzen 5 Hexa Core 5500U,63990,95090,AMD Ryzen 5 Hexa Core Processor,16 GB LPDDR4X RAM,512 GB SSD
HP Victus Ryzen 7 Octa Core 5800H,68990,86547,AMD Ryzen 7 Octa Core Processor,8 GB DDR4 RAM,512 GB SSD
ASUS VivoBook Flip 14 Core i3 11th Gen,49990,67990,Intel Core i3 Processor (11th Gen),8 GB LPDDR4X RAM,512 GB SSD
Infinix X1 Slim Series Core i5 10th Gen,44990,59999,Intel Core i5 Processor (10th Gen),8 GB LPDDR4X RAM,512 GB SSD
Vaio E Series Ryzen 5 Quad Core 3500U,41990,66990,AMD Ryzen 5 Quad Core Processor,8 GB DDR4 RAM,512 GB SSD
ASUS Vivobook Ultra 14 (2022) Core i3 11th Gen,40990,58990,Intel Core i3 Processor (11th Gen),8 GB DDR4 RAM,512 GB SSD
DELL Inspiron Core i5 11th Gen,49890,90783,Intel Core i5 Processor (11th Gen),16 GB DDR4 RAM,512 GB SSD
DELL Inspiron Core i3 11th Gen,39690,51493,Intel Core i3 Processor (11th Gen),8 GB DDR4 RAM,1 TB HDD
acer Aspire Vero (Green PC) Core i5 11th Gen,54990,79999,Intel Core i5 Processor (11th Gen),16 GB DDR4 RAM,512 GB SSD
ASUS Vivobook 15 Core i3 11th Gen,39990,56990,Intel Core i3 Processor (11th Gen),8 GB DDR4 RAM,512 GB SSD
Infinix INBook X1 Neo Series Celeron Quad Core,20990,29990,Intel Celeron Quad Core Processor,4 GB LPDDR4X RAM,128 GB SSD
HP G8 Core i3 11th Gen,34690,45743,Intel Core i3 Processor (11th Gen),8 GB DDR4 RAM,512 GB SSD
realme Book (Slim) Core i3 11th Gen,46990,54999,Stylish & Portable Thin and Light Laptop,14 inch 2K QHD, IPS LCD Display ( 400nits peak brightness
DELL Inspiron Core i5 11th Gen,57990,73171,Intel Core i5 Processor (11th Gen),8 GB DDR4 RAM,512 GB SSD
Lenovo IdeaPad 3 Core i3 10th Gen,31990,53790,Intel Core i3 Processor (10th Gen),4 GB DDR4 RAM,256 GB SSD
DELL Inspiron Core i3 11th Gen,61900,72600,Intel Core i3 Processor (11th Gen),8 GB DDR4 RAM,512 GB SSD
acer Aspire 5 Core i5 12th Gen,57990,74999,Intel Core i5 Processor (12th Gen),8 GB DDR4 RAM,512 GB SSD
DELL Inspiron Core i3 11th Gen,44290,55047,Intel Core i3 Processor (11th Gen),8 GB DDR4 RAM,512 GB SSD
realme Book(Slim) Intel Evo Core i5 11th Gen,59990,69999,Powered by 11th Gen Intel Evo Core i5 Processor,Microsoft Office 2019 Home & Student Included,Intel Core i5 Processor (11th Gen)
ASUS Vivobook K15 OLED Ryzen 5 Hexa Core AMD R5,58990,80990,AMD Ryzen 5 Hexa Core Processor,16 GB DDR4 RAM,512 GB SSD
DELL Vostro Core i3 10th Gen,42490,57858,Intel Core i3 Processor (10th Gen),4 GB DDR4 RAM,1 TB HDD|256 GB SSD
HP 15s Core i3 11th Gen,37770,48052,Intel Core i3 Processor (11th Gen),8 GB DDR4 RAM,256 GB SSD
Lenovo IdeaPad Ryzen 5 Hexa Core 5500U,50990,67990,AMD Ryzen 5 Hexa Core Processor,8 GB DDR4 RAM,512 GB SSD
DELL Core i5 12th Gen,61490,79928,Intel Core i5 Processor (12th Gen),8 GB DDR4 RAM,1 TB HDD|256 GB SSD
HP Pavilion Gaming Ryzen 5 Quad Core 3550H,59990,0,AMD Ryzen 5 Quad Core Processor,8 GB DDR4 RAM,512 GB SSD
ASUS VivoBook K15 OLED Ryzen 7 Octa Core AMD R7,63990,86990,AMD Ryzen 7 Octa Core Processor,16 GB DDR4 RAM,512 GB SSD
DELL Ryzen 3 Quad Core 5425U,43490,55384,AMD Ryzen 3 Quad Core Processor,8 GB DDR4 RAM,512 GB SSD
DELL Vostro Core i3 11th Gen,42890,44427,Intel Core i3 Processor (11th Gen),8 GB DDR4 RAM,256 GB SSD
Lenovo IdeaPad 3 Celeron Dual Core 4th Gen,25990,40490,Intel Celeron Dual Core Processor (4th Gen),4 GB DDR4 RAM,256 GB SSD
Infinix X1 Slim Series Core i3 10th Gen,35990,49999,Intel Core i3 Processor (10th Gen),8 GB LPDDR4X RAM,256 GB SSD
HP 15s Intel Core i3 11th Gen,41999,47834,Intel Core i3 Processor (11th Gen),8 GB DDR4 RAM,512 GB SSD
Lenovo IdeaPad 3 Core i5 12th Gen,66490,82490,Intel Core i5 Processor (12th Gen),16 GB DDR4 RAM,512 GB SSD
DELL Vostro Core i3 10th Gen,42490,54781,Intel Core i3 Processor (10th Gen),8 GB DDR4 RAM,1 TB HDD|256 GB SSD
Lenovo Core i3 11th Gen,40699,55695,Intel Core i3 Processor (11th Gen),8 GB DDR4 RAM,512 GB SSD
ASUS TUF Gaming A17 Ryzen 5 Hexa Core AMD R5,64590,81990,AMD Ryzen 5 Hexa Core Processor,8 GB DDR4 RAM,512 GB SSD
Lenovo Ryzen 3 Dual Core 3250U,31490,36923,AMD Ryzen 3 Dual Core Processor,4 GB DDR4 RAM,1 TB HDD
DELL Inspiron Ryzen 3 Dual Core 3250U,44090,56771,AMD Ryzen 3 Dual Core Processor,8 GB DDR4 RAM,512 GB SSD
HP Athlon Dual Core 3050U,29490,39288,AMD Athlon Dual Core Processor,8 GB DDR4 RAM,512 GB SSD
Lenovo IdeaPad 3 Core i3 10th Gen,31990,53790,Intel Core i3 Processor (10th Gen),4 GB DDR4 RAM,256 GB SSD
DELL Inspiron Core i3 10th Gen,45390,60490,Intel Core i3 Processor (10th Gen),8 GB DDR4 RAM,1 TB HDD|256 GB SSD
HP Ryzen 3 Quad Core 5300U,41990,52900,AMD Ryzen 3 Quad Core Processor,8 GB DDR4 RAM,512 GB SSD
DELL Vostro Ryzen 3 Dual Core 3250U,42190,51105,AMD Ryzen 3 Dual Core Processor,8 GB DDR4 RAM,512 GB SSD
realme Book(Slim) Intel Evo Core i5 11th Gen,59990,69999,Powered by 11th Gen Intel Evo Core i5 Processor,Microsoft Office 2019 Home & Student Included,Intel Core i5 Processor (11th Gen)
DELL Vostro Ryzen 5 Hexa Core 5625U,67115,82373,AMD Ryzen 5 Hexa Core Processor,16 GB DDR4 RAM,512 GB SSD
DELL Core i3 12th Gen,47990,55047,Processor: Intel i3-1215U (Base- 0.9 GHz & Turbo up to 4.40 GHz) 6 Cores,RAM & Storage: 8GB DDR4 & 512GB SSD,"Display: 15.6"" FHD WVA AG 120Hz 250 nits Narrow Border"
HP 14s Intel Celeron Dual Core,27891,36865,Intel Celeron Dual Core Processor,8 GB DDR4 RAM,256 GB SSD
MSI Ryzen 7 Octa Core 5700U,52990,78990,AMD Ryzen 7 Octa Core Processor,8 GB DDR4 RAM,512 GB SSD
ASUS Core i3 11th Gen,35990,52990,Intel Core i3 Processor (11th Gen),8 GB DDR4 RAM,256 GB SSD
MSI Bravo Ryzen 5 Hexa Core 5600H,58500,83990,AMD Ryzen 5 Hexa Core Processor,8 GB DDR4 RAM,512 GB SSD
HP Athlon Dual Core 3050U,25612,31690,AMD Athlon Dual Core Processor,4 GB DDR4 RAM,256 GB SSD
DELL Inspiron Core i3 11th Gen,43490,56776,Intel Core i3 Processor (11th Gen),8 GB DDR4 RAM,256 GB SSD
ASUS VivoBook 15 (2022) Core i3 10th Gen,35990,50990,Intel Core i3 Processor (10th Gen),8 GB DDR4 RAM,512 GB SSD
ASUS Vivobook 15 Ryzen 3 Dual Core AMD R3,34990,46990,AMD Ryzen 3 Dual Core Processor,8 GB DDR4 RAM,512 GB SSD
acer Aspire 7 Core i5 12th Gen,61990,94999,Intel Core i5 Processor (12th Gen),16 GB DDR4 RAM,512 GB SSD
Lenovo IdeaPad 3 Core i3 10th Gen,31990,36133,Intel Core i3 Processor (10th Gen),4 GB DDR4 RAM,256 GB SSD
DELL Vostro 3405 Athlon Dual Core 3050,28290,39874,AMD Athlon Dual Core Processor,4 GB DDR4 RAM,256 GB SSD
MSI GF63 Thin Hexa Core i5 10th Gen,54490,76990,Intel Hexa Core i5 Processor (10th Gen),8 GB DDR4 RAM,1 TB HDD|256 GB SSD
Lenovo Core i3 10th Gen,38990,62190,Intel Core i3 Processor (10th Gen),8 GB DDR4 RAM,512 GB SSD
DELL Inspiron Core i5 11th Gen,60390,65321,Intel Core i5 Processor (11th Gen),8 GB DDR4 RAM,1 TB HDD|256 GB SSD
Avita Pura E,29990,47990,Intel Core i3 Processor (10th Gen),4 GB DDR4 RAM,256 GB SSD
SAMSUNG Galaxy Book2 Core i5 12th Gen,61990,79990,Intel Core i5 Processor (12th Gen),8 GB LPDDR4X RAM,256 GB SSD
HP Pavilion Ryzen 5 Hexa Core AMD R5,63990,73544,AMD Ryzen 5 Hexa Core Processor,8 GB DDR4 RAM,512 GB SSD
Lenovo IdeaPad 3 Core i3 10th Gen,31990,53790,Intel Core i3 Processor (10th Gen),4 GB DDR4 RAM,256 GB SSD
ASUS Vivobook AMD R5 5600H Ryzen 5 Hexa Core 10th Gen,54980,74990,AMD Ryzen 5 Hexa Core Processor (10th Gen),16 GB DDR4 RAM,512 GB SSD
HP Pavilion Ryzen 5 Hexa Core 5625U,55200,64491,AMD Ryzen 5 Hexa Core Processor,8 GB DDR4 RAM,512 GB SSD
HP 15s Intel Core i3 11th Gen,41490,51470,Intel Core i3 Processor (11th Gen),8 GB DDR4 RAM,1 TB HDD|256 GB SSD
realme Book(Slim) Intel Evo Core i5 11th Gen,59990,69999,Powered by 11th Gen Intel Evo Core i5 Processor,Microsoft Office 2019 Home & Student Included,Intel Core i5 Processor (11th Gen)
HP Core i5 7th Gen,60000,113737,Pre-installed Genuine Windows 10 Operating System (Includes Built-in Security, Free Automated Updates, Latest Features)
acer Aspire 3 Pentium Silver,26490,32990,Intel Pentium Silver Processor,4 GB DDR4 RAM,256 GB SSD
DELL Core i5 11th Gen,59390,74619,Intel Core i5 Processor (11th Gen),8 GB DDR4 RAM,512 GB SSD
Lenovo Ryzen 5 Hexa Core 5600H,59490,89490,AMD Ryzen 5 Hexa Core Processor,8 GB DDR4 RAM,256 GB SSD
DELL Inspiron Ryzen 7 Octa Core 5825U,66190,85550,Processor: AMD Ryzen 7-5825U (2.00 GHz up to 4.50 GHz),RAM & Storage: 8GB DDR4 (2 DIMM Slots) & 512GB SSD,"Display: 15.6"" FHD WVA AG Narrow Border 120Hz 250 nits"
DELL Core i3 11th Gen,42500,55350,Intel Core i3 Processor (11th Gen),8 GB DDR4 RAM,1 TB HDD
acer Aspire 7 Core i5 12th Gen,69990,88999,Intel Core i5 Processor (12th Gen),8 GB DDR4 RAM,512 GB SSD
DELL Core i3 12th Gen,47990,55047,Processor: Intel i3-1215U (Base- 0.9 GHz & Turbo up to 4.40 GHz) 6 Cores,RAM & Storage: 8GB DDR4 & 512GB SSD,"Display: 15.6"" FHD WVA AG 120Hz 250 nits Narrow Border"
Lenovo IdeaPad Core i3 10th Gen,35990,53790,Intel Core i3 Processor (10th Gen),4 GB DDR4 RAM,256 GB SSD
DELL Inspiron Core i3 10th Gen,46880,63200,Intel Core i3 Processor (10th Gen),8 GB DDR4 RAM,512 GB SSD
MSI Ryzen 7 Octa Core 5700U,52990,78990,AMD Ryzen 7 Octa Core Processor,8 GB DDR4 RAM,512 GB SSD
ASUS Core i3 11th Gen,35990,52990,Intel Core i3 Processor (11th Gen),8 GB DDR4 RAM,256 GB SSD
Infinix X1 Slim Series Core i5 10th Gen,44990,59999,Intel Core i5 Processor (10th Gen),8 GB LPDDR4X RAM,512 GB SSD
Lenovo IdeaPad 3 Ryzen 3 Dual Core 3250U,37990,43990,AMD Ryzen 3 Dual Core Processor,8 GB DDR4 RAM,256 GB SSD
acer Nitro 5 Ryzen 5 Hexa Core AMD R5,67990,92999,AMD Ryzen 5 Hexa Core Processor,8 GB DDR4 RAM,512 GB SSD
acer Aspire 3 Core i3 11th Gen,35500,50000,Intel Core i3 Processor (11th Gen),4 GB DDR4 RAM,256 GB SSD
Lenovo Athlon Dual Core 3050U,20990,35000,AMD Athlon Dual Core Processor,4 GB DDR4 RAM,256 GB SSD
acer Nitro 5 Ryzen 5 Hexa Core AMD R5,67990,92999,AMD Ryzen 5 Hexa Core Processor,8 GB DDR4 RAM,512 GB SSD
acer Aspire 3 Pentium Silver,28490,36990,Intel Pentium Silver Processor,8 GB DDR4 RAM,256 GB SSD
Lenovo IdeaPad 3 Core i3 10th Gen,31990,53790,Intel Core i3 Processor (10th Gen),4 GB DDR4 RAM,256 GB SSD
HP 15s Intel Core i5 12th Gen,66000,72210,Intel Core i5 Processor (12th Gen),16 GB DDR4 RAM,512 GB SSD
DELL Inspiron Core i3 10th Gen,46880,63200,Intel Core i3 Processor (10th Gen),8 GB DDR4 RAM,512 GB SSD
ASUS Ryzen 5 Dual Core 5th Gen,61990,76990,AMD Ryzen 5 Dual Core Processor (5th Gen),8 GB DDR4 RAM,512 GB SSD
realme Book(Slim) Intel Evo Core i5 11th Gen,59990,69999,Powered by 11th Gen Intel Evo Core i5 Processor,Microsoft Office 2019 Home & Student Included,Intel Core i5 Processor (11th Gen)
acer Nitro 5 Core i5 11th Gen,63999,99990,Intel Core i5 Processor (11th Gen),8 GB DDR4 RAM,512 GB SSD
DELL Core i3 12th Gen,47990,55047,Processor: Intel i3-1215U (Base- 0.9 GHz & Turbo up to 4.40 GHz) 6 Cores,RAM & Storage: 8GB DDR4 & 512GB SSD,"Display: 15.6"" FHD WVA AG 120Hz 250 nits Narrow Border"
acer Aspire 5 Ryzen 7 Octa Core 5700U,59990,79999,AMD Ryzen 7 Octa Core Processor,8 GB DDR4 RAM,512 GB SSD
ASUS Vivobook 14 (2022) Core i3 12th Gen,49990,62990,Intel Core i3 Processor (12th Gen),8 GB DDR4 RAM,512 GB SSD
Avita SATUS S111 Celeron Dual Core,16990,29990,Intel Celeron Dual Core Processor,4 GB DDR4 RAM,128 GB SSD
HP Core i5 7th Gen,60000,113737,Pre-installed Genuine Windows 10 Operating System (Includes Built-in Security, Free Automated Updates, Latest Features)
DELL Core i3 11th Gen,42500,55350,Intel Core i3 Processor (11th Gen),8 GB DDR4 RAM,1 TB HDD
DELL Vostro Core i3 11th Gen,41290,55347,Intel Core i3 Processor (11th Gen),8 GB DDR4 RAM,256 GB SSD
DELL Inspiron Core i3 11th Gen,45990,46156,Intel Core i3 Processor (11th Gen),4 GB DDR4 RAM,512 GB SSD
acer Aspire 3 Pentium Silver,26490,32990,Intel Pentium Silver Processor,4 GB DDR4 RAM,256 GB SSD
ASUS Vivobook AMD R5 5600H Ryzen 5 Hexa Core 10th Gen,54980,74990,AMD Ryzen 5 Hexa Core Processor (10th Gen),16 GB DDR4 RAM,512 GB SSD
MSI Core i5 12th Gen,58490,72990,Intel Core i5 Processor (12th Gen),16 GB DDR4 RAM,512 GB SSD
DELL Inspiron Core i5 11th Gen,65359,83034,Intel Core i5 Processor (11th Gen),8 GB DDR4 RAM,512 GB SSD
Nokia PureBook X14 Core i5 10th Gen,50490,90000,Intel Core i5 Processor (10th Gen),8 GB DDR4 RAM,512 GB SSD
HP Ryzen 3 Dual Core 3250U,37990,46052,AMD Ryzen 3 Dual Core Processor,8 GB DDR4 RAM,512 GB SSD
Infinix INBook X2 Plus Core i3 11th Gen,40990,49990,Intel Core i3 Processor (11th Gen),8 GB LPDDR4X RAM,512 GB SSD
Lenovo IdeaPad 3 Dual Core 3020e,27990,38390,AMD Dual Core Processor,4 GB DDR4 RAM,256 GB SSD
acer Swift 3 Ryzen 5 Hexa Core 5500U,62500,89999,AMD Ryzen 5 Hexa Core Processor,8 GB LPDDR4X RAM,512 GB SSD
Lenovo Ideapad Slim 3i (2021) Core i3 10th Gen,40200,49999,Intel Core i3 Processor (10th Gen),4 GB DDR4 RAM,256 GB SSD
Lenovo IdeaPad 3 Core i3 10th Gen,31990,53790,Intel Core i3 Processor (10th Gen),4 GB DDR4 RAM,256 GB SSD
Lenovo Core i5 11th Gen,58226,89990,Intel Core i5 Processor (11th Gen),16 GB DDR4 RAM,512 GB SSD
HP Pavilion Intel Core i5 12th Gen,63990,75799,Intel Core i5 Processor (12th Gen),8 GB DDR4 RAM,512 GB SSD
ASUS Core i5 10th Gen,69088,80990,Intel Core i5 Processor (10th Gen),8 GB DDR4 RAM,1 TB SSD
realme Book(Slim) Intel Evo Core i5 11th Gen,59990,69999,Powered by 11th Gen Intel Evo Core i5 Processor,Microsoft Office 2019 Home & Student Included,Intel Core i5 Processor (11th Gen)
DELL Core i3 12th Gen,50090,64133,Intel Core i3 Processor (12th Gen),8 GB DDR4 RAM,512 GB SSD
DELL Inspiron Ryzen 5 Quad Core 3450U,44990,56573,AMD Ryzen 5 Quad Core Processor,8 GB DDR4 RAM,256 GB SSD
ASUS Chromebook Celeron Dual Core,25990,29990,Intel Celeron Dual Core Processor,4 GB LPDDR4 RAM,35.56 cm (14 inch) Touchscreen Display
HP HP 250 G7 Core i5 10th Gen,54890,76800,Intel Core i5 Processor (10th Gen),8 GB DDR4 RAM,512 GB HDD|512 GB SSD
ASUS ExpertBook P1 Core i5 10th Gen,61249,68990,Intel Core i5 Processor (10th Gen),4 GB DDR4 RAM,1 TB HDD
DELL Ryzen 5 Quad Core,52990,66560,AMD Ryzen 5 Quad Core Processor,8 GB DDR4 RAM,1 TB HDD|256 GB SSD
Lenovo Intel Core i5 11th Gen,68990,79890,Intel Core i5 Processor (11th Gen),8 GB DDR4 RAM,1 TB HDD|256 GB SSD
ASUS ExpertBook P2 Core i5 10th Gen,69290,77990,Intel Core i5 Processor (10th Gen),8 GB DDR4 RAM,1 TB HDD
HP 14s Ryzen 5 Hexa Core 5500U,52490,56162,AMD Ryzen 5 Hexa Core Processor,8 GB DDR4 RAM,512 GB SSD
DELL Inspiron Ryzen 5 Quad Core 3450U,49890,63973,AMD Ryzen 5 Quad Core Processor,8 GB DDR4 RAM,512 GB SSD
ASUS ExpertBook P1 Core i5 10th Gen,62490,70990,Intel Core i5 Processor (10th Gen),8 GB DDR4 RAM,1 TB HDD
DELL Vostro Core i5 12th Gen,69160,89694,Intel Core i5 Processor (12th Gen),8 GB DDR4 RAM,512 GB SSD
SAMSUNG Core i5 12th Gen,59990,67990,Intel Core i5 Processor (12th Gen),8 GB DDR4 RAM,512 GB SSD
ASUS Vivobook 15 OLED (2022) Core i3 12th Gen,50990,66990,Get unparalleled power and reliability with the new Intel 12th Gen CPU,15.6 Inch Full HD OLED 16:9 aspect ratio, 0.2ms response time
DELL Inspiron 3000 Core i3 11th Gen,38170,58229,Intel Core i3 Processor (11th Gen),8 GB DDR4 RAM,512 GB SSD
Nokia PureBook S14 Core i5 11th Gen,40990,82990,Intel Core i5 Processor (11th Gen),16 GB DDR4 RAM,512 GB SSD
acer Nitro 5 Ryzen 5 Hexa Core AMD R5,59990,79999,AMD Ryzen 5 Hexa Core Processor,8 GB DDR4 RAM,512 GB SSD
Infinix X1 Slim Series Core i5 10th Gen,49990,64999,Intel Core i5 Processor (10th Gen),16 GB LPDDR4X RAM,512 GB SSD
ASUS VivoBook 14 (2022) Core i5 12th Gen,62990,82990,Intel Core i5 Processor (12th Gen),16 GB DDR4 RAM,512 GB SSD
Lenovo IdeaPad 3 Core i3 10th Gen,31990,53790,Intel Core i3 Processor (10th Gen),4 GB DDR4 RAM,256 GB SSD
HP Ryzen 3 Hexa Core 4th Gen,60990,68360,AMD Ryzen 3 Hexa Core Processor (4th Gen),8 GB DDR4 RAM,512 GB SSD
DELL Ryzen 5 Quad Core,52990,66560,AMD Ryzen 5 Quad Core Processor,8 GB DDR4 RAM,1 TB HDD|256 GB SSD
SAMSUNG Core i5 12th Gen,59990,67990,Intel Core i5 Processor (12th Gen),8 GB DDR4 RAM,512 GB SSD
realme Book(Slim) Intel Evo Core i5 11th Gen,59990,69999,Powered by 11th Gen Intel Evo Core i5 Processor,Microsoft Office 2019 Home & Student Included,Intel Core i5 Processor (11th Gen)
DELL Vostro Ryzen 5 Quad Core 3500U,49690,61740,AMD Ryzen 5 Quad Core Processor,8 GB DDR4 RAM,512 GB SSD
Mi Notebook Horizon Edition 14 Core i7 10th Gen,59990,65999,Intel Core i7 Processor (10th Gen),8 GB DDR4 RAM,512 GB SSD
Lenovo Core i3 11th Gen,38990,51544,Intel Core i3 Processor (11th Gen),4 GB DDR4 RAM,256 GB SSD
Lenovo Ryzen 5 Hexa Core 5600H,59490,89490,AMD Ryzen 5 Hexa Core Processor,8 GB DDR4 RAM,256 GB SSD
DELL Inspiron Core i5 11th Gen,68490,84173,Intel Core i5 Processor (11th Gen),8 GB DDR4 RAM,1 TB HDD|256 GB SSD
MSI GL Core i7 7th Gen,59990,79257,Full HD LED Backlit Anti-glare Wideview Display for Better Visual Experience,NVIDIA Geforce GTX 1050 for Desktop Level Performance,8 GB DDR4 RAM
Infinix INBook X2 Plus Core i7 11th Gen,57990,79990,Intel Core i7 Processor (11th Gen),16 GB LPDDR4X RAM,512 GB SSD
Lenovo IdeaPad Gaming 3 Core i5 11th Gen,58900,93690,Intel Core i5 Processor (11th Gen),8 GB DDR4 RAM,512 GB SSD
ASUS (2022) Celeron Dual Core,29990,36990,Intel Celeron Dual Core Processor,4 GB DDR4 RAM,128 GB SSD
ASUS (2022) Celeron Dual Core,24990,30990,Intel Celeron Dual Core Processor,4 GB DDR4 RAM,128 GB SSD
DELL Inspiron Core i3 10th Gen,42990,48900,Intel Core i3 Processor (10th Gen),8 GB DDR4 RAM,1 TB HDD
DELL Vostro Core i3 11th Gen,42390,44780,Intel Core i3 Processor (11th Gen),8 GB DDR4 RAM,1 TB HDD
HP Pavilion Gaming Ryzen 5 Hexa Core AMD R5,57690,73856,AMD Ryzen 5 Hexa Core Processor,8 GB DDR4 RAM,512 GB SSD
ASUS VivoBook Ultra 14 (2021) Core i5 11th Gen,55990,80990,Intel Core i5 Processor (11th Gen),16 GB DDR4 RAM,512 GB SSD
ASUS Vivobook Ultra 14 (2022) Core i3 11th Gen,44990,56990,Intel Core i3 Processor (11th Gen),8 GB DDR4 RAM,512 GB SSD
acer Aspire 5 Core i5 12th Gen,57990,73999,Intel Core i5 Processor (12th Gen),8 GB DDR4 RAM,512 GB SSD
acer Aspire 3 Ryzen 3 Dual Core 3250U,35990,44999,AMD Ryzen 3 Dual Core Processor,8 GB DDR4 RAM,512 GB SSD
DELL Inspiron Core i5 11th Gen,69990,89489,Intel Core i5 Processor (11th Gen),16 GB DDR4 RAM,512 GB SSD
Lenovo Ideapad Gaming 3 Ryzen 5 Hexa Core 4600H,62490,63104,AMD Ryzen 5 Hexa Core Processor,8 GB DDR4 RAM,1 TB HDD|256 GB SSD
Lenovo IdeaPad 3 Core i3 10th Gen,31990,53790,Intel Core i3 Processor (10th Gen),4 GB DDR4 RAM,256 GB SSD
ASUS TUF Gaming F15 Core i5 10th Gen,59990,84990,Intel Core i5 Processor (10th Gen),8 GB DDR4 RAM,1 TB SSD
ASUS Core i5 11th Gen,45990,65990,Intel Core i5 Processor (11th Gen),8 GB DDR4 RAM,512 GB SSD
acer Swift 5 Core i5 8th Gen,69351,87999,Intel Core i5 Processor (8th Gen),8 GB DDR3 RAM,512 GB SSD
realme Book(Slim) Intel Evo Core i5 11th Gen,59990,69999,Powered by 11th Gen Intel Evo Core i5 Processor,Microsoft Office 2019 Home & Student Included,Intel Core i5 Processor (11th Gen)
Lenovo Core i3 10th Gen,38980,56800,Intel Core i3 Processor (10th Gen),8 GB DDR4 RAM,256 GB SSD
acer Aspire 5 Core i5 11th Gen,60990,69999,Intel Core i5 Processor (11th Gen),8 GB DDR4 RAM,1 TB HDD|256 GB SSD
DELL Ryzen 5 Hexa Core,67490,84879,AMD Ryzen 5 Hexa Core Processor,16 GB DDR4 RAM,512 GB SSD
Lenovo Ryzen 5 Hexa Core 5600H,59490,89490,AMD Ryzen 5 Hexa Core Processor,8 GB DDR4 RAM,256 GB SSD
DELL Core i5 11th Gen,62490,75325,Intel Core i5 Processor (11th Gen),8 GB DDR4 RAM,1 TB HDD|256 GB SSD
DELL Inspiron Core i3 10th Gen,46400,56200,Intel Core i3 Processor (10th Gen),8 GB DDR4 RAM,1 TB HDD|256 GB SSD
HP Pavilion Intel Core i3 11th Gen,54490,65628,Intel Core i3 Processor (11th Gen),8 GB DDR4 RAM,512 GB SSD
acer Aspire 3 Core i3 11th Gen,39244,50000,Intel Core i3 Processor (11th Gen),4 GB DDR4 RAM,256 GB SSD
ASUS VivoBook 15 (2022) Core i3 11th Gen,39990,54990,Intel Core i3 Processor (11th Gen),8 GB DDR4 RAM,1 TB HDD|256 GB SSD
ASUS Pentium Quad Core,25990,30990,Intel Pentium Quad Core Processor,4 GB DDR4 RAM,1 TB HDD
Infinix X1 Slim Series Core i5 10th Gen,44990,59999,Intel Core i5 Processor (10th Gen),8 GB LPDDR4X RAM,512 GB SSD
Lenovo Ideapad Gaming 3 Ryzen 5 Hexa Core 4600H,60490,85290,AMD Ryzen 5 Hexa Core Processor,8 GB DDR4 RAM,1 TB HDD|256 GB SSD
Lenovo Core i3 11th Gen,37490,49096,Intel Core i3 Processor (11th Gen),4 GB DDR4 RAM,256 GB SSD
DELL Inspiron Pentium Quad Core,35500,43000,Intel Pentium Quad Core Processor,4 GB DDR4 RAM,256 GB SSD
Lenovo Core i3 10th Gen,37890,48900,Intel Core i3 Processor (10th Gen),4 GB DDR4 RAM,256 GB SSD
ASUS Vivobook Gaming Core i7 10th Gen,65990,88990,Intel Core i7 Processor (10th Gen),8 GB DDR4 RAM,512 GB SSD
ASUS TUF GAMING A15 Ryzen 5 Hexa Core 4600H,65990,75990,AMD Ryzen 5 Hexa Core Processor,8 GB DDR4 RAM,1 TB SSD
Lenovo IdeaPad Flex 5 Ryzen 5 Hexa Core 5500U,63990,95090,AMD Ryzen 5 Hexa Core Processor,16 GB LPDDR4X RAM,512 GB SSD
ASUS VivoBook 15 Ryzen 3 Dual Core AMD R3,26990,42990,AMD Ryzen 3 Dual Core Processor,4 GB DDR4 RAM,256 GB SSD
Lenovo IdeaPad 3 Core i3 10th Gen,31990,53790,Intel Core i3 Processor (10th Gen),4 GB DDR4 RAM,256 GB SSD
MSI GF63 Thin Core i5 11th Gen,59990,83990,Intel Core i5 Processor (11th Gen),8 GB DDR4 RAM,512 GB SSD
acer Ryzen 3 Dual Core 3250U,29990,43999,AMD Ryzen 3 Dual Core Processor,8 GB DDR4 RAM,256 GB SSD
HP Pavilion Core i5 11th Gen,64990,87717,Intel Core i5 Processor (11th Gen),8 GB DDR4 RAM,512 GB SSD
realme Book(Slim) Intel Evo Core i5 11th Gen,59990,69999,Powered by 11th Gen Intel Evo Core i5 Processor,Microsoft Office 2019 Home & Student Included,Intel Core i5 Processor (11th Gen)
ASUS Vivobook 11 Celeron Dual Core,24990,28990,Intel Celeron Dual Core Processor,4 GB DDR4 RAM,29.46 cm (11.6 inch) Display
MSI Modern 14 Core i5 10th Gen,43990,61990,Intel Core i5 Processor (10th Gen),8 GB DDR4 RAM,512 GB SSD
ASUS VivoBook Flip 14 Core i5 11th Gen,69990,82990,Intel Core i5 Processor (11th Gen),8 GB LPDDR4X RAM,512 GB SSD
Lenovo Ryzen 5 Hexa Core 5600H,59490,89490,AMD Ryzen 5 Hexa Core Processor,8 GB DDR4 RAM,256 GB SSD
HP Ryzen 3 Quad Core 5th Gen,40490,47870,AMD Ryzen 3 Quad Core Processor (5th Gen),8 GB DDR4 RAM,256 GB SSD
HP HP Pavilion Ryzen 5 Hexa Core AMD R5,66990,76020,AMD Ryzen 5 Hexa Core Processor,8 GB DDR4 RAM,512 GB SSD
acer Aspire 5 Core i5 11th Gen,47130,54999,Free upgrade to Windows 11 when available,Intel Core i5 Processor (11th Gen),64 bit Windows 10 Operating System
acer Nitro 5 Ryzen 5 Hexa Core 5600H,68990,99999,AMD Ryzen 5 Hexa Core Processor,8 GB DDR4 RAM,1 TB HDD|512 GB SSD
SAMSUNG Galaxy Book2 Core i5 12th Gen,69990,88990,Intel Core i5 Processor (12th Gen),16 GB LPDDR4X RAM,512 GB SSD
DELL Inspiron Ryzen 5 Hexa Core 5625U,59999,75828,AMD Ryzen 5 Hexa Core Processor,8 GB DDR4 RAM,512 GB SSD
HP Pavilion Ryzen 5 Hexa Core 5500U,64490,74839,AMD Ryzen 5 Hexa Core Processor,16 GB DDR4 RAM,512 GB SSD
DELL Insprion 3511 Core i3 11th Gen,41990,52800,Intel Core i3 Processor (11th Gen),8 GB DDR4 RAM,1 TB HDD
DELL Vostro Ryzen 5 Hexa Core 5625U,63331,76473,AMD Ryzen 5 Hexa Core Processor,8 GB DDR4 RAM,512 GB SSD
HP G8 Ryzen 3 Dual Core AMD Ryzen 3 3250U 3rd Gen,28790,40528,AMD Ryzen 3 Dual Core Processor (3rd Gen),8 GB DDR4 RAM,512 GB SSD
Lenovo IdeaPad 5 Pro Core i5 11th Gen,69000,113290,Intel Core i5 Processor (11th Gen),16 GB DDR4 RAM,512 GB SSD
Infinix X1 Slim Series Core i3 10th Gen,35990,49999,Intel Core i3 Processor (10th Gen),8 GB LPDDR4X RAM,256 GB SSD
HP Pavilion x360 Core i3 12th Gen,59990,65628,Intel Core i3 Processor (12th Gen),8 GB DDR4 RAM,512 GB SSD
Infinix X1 Slim Series Core i7 10th Gen,54990,69999,Intel Core i7 Processor (10th Gen),16 GB LPDDR4X RAM,512 GB SSD
DELL Inspiron Ryzen 5 Hexa Core 5625U,51990,64981,Processor: Ryzen R5-5625U (Base- 2.30 GHz & Turbo up to 4.30 GHz) 6 Cores,RAM & Storage: 8GB DDR4 & 512GB SSD,"15.6"" FHD WVA AG Narrow Border 120Hz 250 nits"
Lenovo IdeaPad 3 Core i3 10th Gen,31990,53790,Intel Core i3 Processor (10th Gen),4 GB DDR4 RAM,256 GB SSD
ASUS VivoBook Flip 14 Core i5 11th Gen,69990,82990,Intel Core i5 Processor (11th Gen),8 GB LPDDR4X RAM,512 GB SSD
DELL Vostro Ryzen 5 Hexa Core 5625U,63331,76473,AMD Ryzen 5 Hexa Core Processor,8 GB DDR4 RAM,512 GB SSD
HP 15s Core i3 10th Gen,40250,43090,Intel Core i3 Processor (10th Gen),8 GB DDR4 RAM,1 TB HDD
realme Book(Slim) Intel Evo Core i5 11th Gen,59990,69999,Powered by 11th Gen Intel Evo Core i5 Processor,Microsoft Office 2019 Home & Student Included,Intel Core i5 Processor (11th Gen)
Lenovo Intel Core i5 11th Gen,68990,99290,Intel Core i5 Processor (11th Gen),16 GB DDR4 RAM,512 GB SSD
Lenovo Athlon Dual Core 3050U,18990,29999,AMD Athlon Dual Core Processor,4 GB DDR4 RAM,256 GB SSD
HP Celeron Dual Core,25999,36965,Intel Celeron Dual Core Processor,8 GB DDR4 RAM,256 GB SSD
DELL Inspiron 3511 Core i3 11th Gen,46890,60371,Intel Core i3 Processor (11th Gen),8 GB DDR4 RAM,1 TB HDD|256 GB SSD
Infinix X1 Slim Series Core i3 10th Gen,35990,49999,Intel Core i3 Processor (10th Gen),8 GB LPDDR4X RAM,256 GB SSD
HP 15s Intel Core i5 11th Gen,54450,70171,Intel Core i5 Processor (11th Gen),8 GB DDR4 RAM,512 GB SSD
DELL Insprion Core i7 7th Gen,61658,69999,Microsoft Office Home & Student 2016,Intel Core i7 Processor (7th Gen),64 bit Windows 10 Operating System
HP Pavilion Intel Core i5 11th Gen,69490,85837,Intel Core i5 Processor (11th Gen),16 GB DDR4 RAM,512 GB SSD
ASUS TUF GAMING A15 Ryzen 5 Hexa Core 4600H,65990,75990,AMD Ryzen 5 Hexa Core Processor,8 GB DDR4 RAM,1 TB SSD
ASUS Ryzen 5 Hexa Core,69092,75500,AMD Ryzen 5 Hexa Core Processor,8 GB DDR4 RAM,1 TB HDD|256 GB SSD
DELL Core i3 12th Gen,64490,81586,Intel Core i3 Processor (12th Gen),8 GB DDR5 RAM,512 GB SSD
Infinix INBook X2 Plus Core i5 11th Gen,47990,54990,Intel Core i5 Processor (11th Gen),8 GB LPDDR4X RAM,512 GB SSD
DELL Core i5 11th Gen,68866,88400,Intel Core i5 Processor (11th Gen),16 GB DDR4 RAM,512 GB SSD
HP Pavilion Ryzen 5 Hexa Core 5625U,63490,73532,AMD Ryzen 5 Hexa Core Processor,16 GB DDR4 RAM,512 GB SSD
HP Pavilion Ryzen 5 Hexa Core 5500U,64490,74839,AMD Ryzen 5 Hexa Core Processor,16 GB DDR4 RAM,512 GB SSD
ASUS Vivobook 11 Celeron Dual Core,24990,28990,Intel Celeron Dual Core Processor,4 GB DDR4 RAM,29.46 cm (11.6 inch) Display
acer Aspire 3 Ryzen 3 Dual Core R33250U,34630,49999,AMD Ryzen 3 Dual Core Processor,4 GB DDR4 RAM,1 TB HDD
Vaio SE Series Core i5 8th Gen,62890,84690,Intel Core i5 Processor (8th Gen),8 GB DDR4 RAM,512 GB SSD
DELL Core i5 11th Gen,60790,81227,Intel Core i5 Processor (11th Gen),8 GB DDR4 RAM,512 GB SSD
Lenovo IdeaPad 3 Core i3 10th Gen,31990,53790,Intel Core i3 Processor (10th Gen),4 GB DDR4 RAM,256 GB SSD
DELL Inspiron 3505 Ryzen 7 Quad Core 3700U,71000,0,AMD Ryzen 7 Quad Core Processor,8 GB DDR4 RAM,512 GB SSD
acer Aspire 3 Pentium Quad Core,37990,0,Intel Pentium Quad Core Processor,4 GB DDR4 RAM,256 GB SSD
ASUS Core i3 11th Gen,42990,58990,Intel Core i3 Processor (11th Gen),8 GB DDR4 RAM,256 GB SSD
realme Book(Slim) Intel Evo Core i5 11th Gen,59990,69999,Powered by 11th Gen Intel Evo Core i5 Processor,Microsoft Office 2019 Home & Student Included,Intel Core i5 Processor (11th Gen)
HP 430 G8 Core i5 11th Gen,68841,98000,Intel Core i5 Processor (11th Gen),8 GB DDR4 RAM,512 GB SSD
HP 15,58500,70172,AMD Ryzen 5 Hexa Core Processor,8 GB DDR4 RAM,512 GB SSD
HP Laptop Core i3 11th Gen,43650,51449,Intel Core i3 Processor (11th Gen),8 GB DDR4 RAM,512 GB SSD
Lenovo Ryzen 5 Hexa Core 5600H,59490,89490,AMD Ryzen 5 Hexa Core Processor,8 GB DDR4 RAM,256 GB SSD
ASUS Vivobook 15 Core i3 11th Gen,36500,52990,Intel Core i3 Processor (11th Gen),8 GB DDR4 RAM,512 GB SSD
Lenovo IdeaPad Core i3 11th Gen,37990,57990,Intel Core i3 Processor (11th Gen),8 GB DDR4 RAM,256 GB SSD
HP Ryzen 3 Dual Core 3250U,29997,43628,AMD Ryzen 3 Dual Core Processor,8 GB DDR4 RAM,256 GB SSD
acer Chromebook Celeron Dual Core,24490,27000,Intel Celeron Dual Core Processor,4 GB DDR4 RAM,29.46 cm (11.6 inch) Display
Lenovo IdeaPad Gaming Ryzen 5 Hexa Core 4600H,60490,83890,AMD Ryzen 5 Hexa Core Processor,8 GB DDR4 RAM,512 GB SSD
HP Pavilion Ryzen 5 Hexa Core 5500U,56960,67931,AMD Ryzen 5 Hexa Core Processor,8 GB DDR4 RAM,512 GB SSD
DELL Vostro Ryzen 5 Hexa Core 5625U,61088,79292,AMD Ryzen 5 Hexa Core Processor,16 GB DDR4 RAM,512 GB SSD
ASUS Chromebook Flip Touch Celeron Dual Core,24990,29990,Intel Celeron Dual Core Processor,4 GB LPDDR4 RAM,35.56 cm (14 inch) Touchscreen Display
HP Core i3 11th Gen,42490,52890,Intel Core i3 Processor (11th Gen),8 GB DDR4 RAM,1 TB HDD
acer Aspire 5 Core i5 8th Gen,59990,62511,Intel Core i5 Processor (8th Gen),8 GB DDR4 RAM,1 TB HDD
Lenovo B50,52490,0,Intel Core i5 Processor (4th Gen),8 GB DDR3 RAM,1 TB HDD
DELL Inspiron 3501 Core i3 10th Gen,41890,55534,Intel Core i3 Processor (10th Gen),8 GB DDR4 RAM,256 GB SSD
ASUS Vivobook 15 Core i5 12th Gen,58990,70990,Intel Core i5 Processor (12th Gen),8 GB DDR4 RAM,512 GB SSD
HP Laptop Ryzen 3 Quad Core 5300U,39990,48419,AMD Ryzen 3 Quad Core Processor,8 GB DDR4 RAM,512 GB SSD
DELL Vostro Ryzen 5 Hexa Core 5625U,61088,79292,AMD Ryzen 5 Hexa Core Processor,16 GB DDR4 RAM,512 GB SSD
Lenovo IdeaPad 3 Core i3 10th Gen,31990,53790,Intel Core i3 Processor (10th Gen),4 GB DDR4 RAM,256 GB SSD
DELL Vostro 3000 Core i5 8th Gen,45126,45174,Intel Core i5 Processor (8th Gen),8 GB DDR4 RAM,1 TB HDD
Lenovo B50,52490,0,Intel Core i5 Processor (4th Gen),8 GB DDR3 RAM,1 TB HDD
HP Pavilion Intel Core i3 11th Gen,58888,69276,Intel Core i3 Processor (11th Gen),8 GB DDR4 RAM,512 GB SSD
realme Book(Slim) Intel Evo Core i5 11th Gen,59990,69999,Powered by 11th Gen Intel Evo Core i5 Processor,Microsoft Office 2019 Home & Student Included,Intel Core i5 Processor (11th Gen)
Lenovo IdeaPad Core i3 11th Gen,37990,57990,Intel Core i3 Processor (11th Gen),8 GB DDR4 RAM,256 GB SSD
HP 15s Ryzen 3 Quad Core 5300U,40499,52900,AMD Ryzen 3 Quad Core Processor,8 GB DDR4 RAM,512 GB SSD
Lenovo IdeaPad Flex 3 Chromebook Celeron Dual Core,28490,40490,Intel Celeron Dual Core Processor,4 GB LPDDR4X RAM,29.46 cm (11.6 inch) Touchscreen Display
acer Aspire 3 Core i3 11th Gen,42490,49999,Intel Core i3 Processor (11th Gen),8 GB DDR4 RAM,512 GB SSD
HP 14s Ryzen 5 Quad Core 3500U 3rd Gen,49290,53238,AMD Ryzen 5 Quad Core Processor (3rd Gen),8 GB DDR4 RAM,1 TB HDD|256 GB SSD
HP 15q Ryzen 5 Quad Core 2500U,24990,46412,AMD Ryzen 5 Quad Core Processor,4 GB DDR4 RAM,1 TB HDD
acer Chromebook Celeron Dual Core,24490,27000,Intel Celeron Dual Core Processor,4 GB DDR4 RAM,29.46 cm (11.6 inch) Display
ASUS Core i3 11th Gen,42990,58990,Intel Core i3 Processor (11th Gen),8 GB DDR4 RAM,256 GB SSD
acer Aspire 5 Core i5 8th Gen,59990,62511,Intel Core i5 Processor (8th Gen),8 GB DDR4 RAM,1 TB HDD
Lenovo IdeaPad Gaming Ryzen 5 Hexa Core 4600H,60490,83890,AMD Ryzen 5 Hexa Core Processor,8 GB DDR4 RAM,512 GB SSD
Vaio SE Series Core i5 8th Gen,62890,84690,Intel Core i5 Processor (8th Gen),8 GB DDR4 RAM,512 GB SSD
ASUS TUF Gaming F15 Core i5 10th Gen,61986,77990,Intel Core i5 Processor (10th Gen),8 GB DDR4 RAM,512 GB SSD
HP Pavilion Ryzen 5 Hexa Core 5500U,54360,70419,AMD Ryzen 5 Hexa Core Processor,8 GB DDR4 RAM,512 GB SSD
DELL Core i5 5th Gen,68990,69500,Pre-installed Genuine Windows 10 Operating System (Includes Built-in Security, Free Automated Updates, Latest Features)
Lenovo Ideapad 520 Core i5 8th Gen,64821,79090,Intel Core i5 Processor (8th Gen),8 GB DDR4 RAM,2 TB HDD
Lenovo Ideapad 330s Core i5 8th Gen,56990,62594,Intel Core i5 Processor (8th Gen),4 GB DDR4 RAM,1 TB HDD
HP Laptop Ryzen 3 Quad Core 5300U,40960,50565,AMD Ryzen 3 Quad Core Processor,8 GB DDR4 RAM,512 GB SSD
Infinix ZERO BOOK Series Laptop Intel Core i7 12th Gen,64990,99990,Intel Core i7 Processor (12th Gen),16 GB LPDDR5 RAM,512 GB SSD
MSI GF63 Thin Core i7 10th Gen,63990,83990,Intel Core i7 Processor (10th Gen),8 GB DDR4 RAM,1 TB HDD|256 GB SSD
Lenovo IdeaPad 3 Core i3 10th Gen,31990,53790,Intel Core i3 Processor (10th Gen),4 GB DDR4 RAM,256 GB SSD
ASUS TUF GAMING A15 Ryzen 7 Octa Core 4800H,86500,92990,AMD Ryzen 7 Octa Core Processor,8 GB DDR4 RAM,512 GB SSD
acer Aspire 7 Core i5 9th Gen,57090,84999,Intel Core i5 Processor (9th Gen),8 GB DDR4 RAM,512 GB SSD
Lenovo IdeaPad Ryzen 5 Hexa Core 5500U,57990,78290,AMD Ryzen 5 Hexa Core Processor,8 GB DDR4 RAM,512 GB SSD
realme Book(Slim) Intel Evo Core i5 11th Gen,59990,69999,Powered by 11th Gen Intel Evo Core i5 Processor,Microsoft Office 2019 Home & Student Included,Intel Core i5 Processor (11th Gen)
Lenovo IdeaPad 3 Core i3 11th Gen,47500,51000,Intel Core i3 Processor (11th Gen),8 GB DDR4 RAM,256 GB SSD
DELL Vostro Core i5 11th Gen,59990,68859,Processor: 11th Generation Intel Core i5-1135G7 Processor (8MB Cache, up to 4.2 GHz),
Avita Liber Core i5 10th Gen,38490,52990,Intel Core i5 Processor (10th Gen),8 GB DDR4 RAM,256 GB SSD
HP Ryzen 3 Dual Core,36600,42150,AMD Ryzen 3 Dual Core Processor,8 GB DDR4 RAM,256 GB HDD
HP Envy Core i5 8th Gen,69990,0,Pre-installed Genuine Windows 10 Operating System (Includes Built-in Security, Free Automated Updates, Latest Features)
SAMSUNG Core i5 12th Gen,63990,70990,Intel Core i5 Processor (12th Gen),16 GB DDR4 RAM,512 GB SSD
Primebook 4G Enabled Android Based MediaTek Kompanio 500,24990,0,MediaTek MediaTek Kompanio 500 Processor,4 GB LPDDR4 RAM,29.46 cm (11.6 Inch) Display
HP Core i3 11th Gen,43500,51812,Intel Core i3 Processor (11th Gen),8 GB DDR4 RAM,512 GB SSD
DELL Inspiron 3510 Pentium Quad Core 11th Gen,35500,40000,Intel Pentium Quad Core Processor (11th Gen),4 GB DDR4 RAM,256 GB SSD
ASUS EeeBook 12 Celeron Dual Core 4th Gen,20990,25990,Intel Celeron Dual Core Processor (4th Gen),4 GB DDR4 RAM,29.46 cm (11.6 inch) Display
Lenovo Ideapad Gaming 3 Ryzen 5 Hexa Core 4600H,56990,76890,AMD Ryzen 5 Hexa Core Processor,8 GB DDR4 RAM,1 TB HDD
HP 14s Core i3 11th Gen,45450,53823,Intel Core i3 Processor (11th Gen),8 GB DDR4 RAM,512 GB SSD
ASUS VivoBook S14 Core i7 8th Gen,67990,98990,Intel Core i7 Processor (8th Gen),8 GB DDR4 RAM,1 TB HDD|256 GB SSD
ASUS EeeBook 12 Celeron Dual Core,21990,27990,Intel Celeron Dual Core Processor,4 GB DDR4 RAM,29.46 cm (11.6 Inch) Display
HP Core i5 11th Gen,51890,65444,Intel Core i5 Processor (11th Gen),8 GB DDR4 RAM,512 GB SSD
MSI GF63 Thin Core i5 10th Gen,54450,72990,Intel Core i5 Processor (10th Gen),8 GB DDR4 RAM,1 TB HDD
HP 15s Core i3 10th Gen,41990,44908,Intel Core i3 Processor (10th Gen),4 GB DDR4 RAM,1 TB HDD
HP Ryzen 3 Dual Core,36600,42150,AMD Ryzen 3 Dual Core Processor,8 GB DDR4 RAM,256 GB HDD
acer P2 Series Core i5 10th Gen,47990,59500,Intel Core i5 Processor (10th Gen),8 GB DDR4 RAM,1 TB HDD
realme Book(Slim) Intel Evo Core i5 11th Gen,59990,69999,Powered by 11th Gen Intel Evo Core i5 Processor,Microsoft Office 2019 Home & Student Included,Intel Core i5 Processor (11th Gen)
ASUS Core i5 12th Gen,56490,71000,Intel Core i5 Processor (12th Gen),8 GB DDR4 RAM,512 GB SSD
Lenovo Ideapad S340 Core i3 10th Gen,42490,58490,Intel Core i3 Processor (10th Gen),8 GB DDR4 RAM,256 GB SSD
ASUS ExpertBook P1 Core i3 10th Gen,32990,39990,Intel Core i3 Processor (10th Gen),4 GB DDR4 RAM,1 TB HDD
Lenovo Ryzen 5 Hexa Core 5600H,59490,89490,AMD Ryzen 5 Hexa Core Processor,8 GB DDR4 RAM,256 GB SSD
Ultimus S152 Celeron Dual Core,23990,29999,Intel Celeron Dual Core Processor,4 GB LPDDR4 RAM,256 GB SSD
ASUS Chromebook Celeron Dual Core,18990,22990,Intel Celeron Dual Core Processor,4 GB LPDDR4 RAM,29.46 cm (11.6 Inch) Display
HP 14s Intel Pentium Quad Core,29890,39288,Intel Pentium Quad Core Processor,8 GB DDR4 RAM,256 GB SSD
ASUS Pentium Quad Core 10th Gen,39500,69500,Intel Pentium Quad Core Processor (10th Gen),4 GB DDR4 RAM,128 GB SSD
DELL Core i5 11th Gen,67989,88546,Intel Core i5 Processor (11th Gen),16 GB DDR4 RAM,512 GB SSD
ASUS Vivobook Core i3 11th Gen,34990,44990,Intel Core i3 Processor (11th Gen),4 GB DDR4 RAM,256 GB SSD
HP Pavilion Intel Core i5 11th Gen,66890,86500,Intel Core i5 Processor (11th Gen),8 GB DDR4 RAM,512 GB SSD
Lenovo Intel Core i5 11th Gen,68989,99290,Intel Core i5 Processor (11th Gen),16 GB DDR4 RAM,512 GB SSD
DELL Core i3 11th Gen,45990,61202,Intel Core i3 Processor (11th Gen),8 GB DDR4 RAM,512 GB SSD
ASUS Zenbook 13 Intel EVO Core i5 11th Gen,65900,90000,Intel Core i5 Processor (11th Gen),8 GB LPDDR4X RAM,512 GB SSD
ASUS Vivobook 15 Core i5 10th Gen,50000,59999,Intel Core i5 Processor (10th Gen),8 GB DDR4 RAM,512 GB SSD
HP Victus Ryzen 5 Hexa Core 5600H,68400,76021,AMD Ryzen 5 Hexa Core Processor,8 GB DDR4 RAM,512 GB SSD
DELL Inspiron Core i5 11th Gen,67990,88999,Intel Core i5 Processor (11th Gen),8 GB DDR4 RAM,512 GB SSD
HP 15s Ryzen 3 Dual Core 3250U,44990,48248,AMD Ryzen 3 Dual Core Processor,8 GB DDR4 RAM,1 TB HDD|256 GB SSD
Lenovo Ideapad Slim 5 Ryzen 7 Octa Core 5700U,65900,89990,AMD Ryzen 7 Octa Core Processor,16 GB DDR4 RAM,512 GB SSD
acer Travelmate Core i5 11th Gen,61990,85000,Intel Core i5 Processor (11th Gen),16 GB DDR4 RAM,1 TB HDD|256 GB SSD
ASUS Ryzen 5 Quad Core 3500U,45490,56990,AMD Ryzen 5 Quad Core Processor,8 GB DDR4 RAM,512 GB SSD
Lenovo Core i3 11th Gen,34499,52150,Intel Core i3 Processor (11th Gen),8 GB DDR4 RAM,512 GB SSD
HP 14s Intel Core i5 11th Gen,61999,81000,Intel Core i5 Processor (11th Gen),8 GB DDR4 RAM,512 GB SSD
Lenovo IdeaPad 3 Core i3 10th Gen,31990,53790,Intel Core i3 Processor (10th Gen),4 GB DDR4 RAM,256 GB SSD
Lenovo Athlon Dual Core 3050U,18990,36000,AMD Athlon Dual Core Processor,4 GB DDR4 RAM,1 TB HDD
DELL Inspiron Core i3 11th Gen,46890,58567,Intel Core i3 Processor (11th Gen),8 GB DDR4 RAM,1 TB HDD|256 GB SSD
HP 14s Intel Core i3 11th Gen,47199,53000,Intel Core i3 Processor (11th Gen),8 GB DDR4 RAM,512 GB SSD
realme Book(Slim) Intel Evo Core i5 11th Gen,59990,69999,Powered by 11th Gen Intel Evo Core i5 Processor,Microsoft Office 2019 Home & Student Included,Intel Core i5 Processor (11th Gen)
DELL Inspiron Core i5 11th Gen,55990,76000,Intel Core i5 Processor (11th Gen),8 GB DDR4 RAM,512 GB SSD
Lenovo ThinkBook 13s Core i5 11th Gen,67990,121608,Intel Core i5 Processor (11th Gen),8 GB DDR4 RAM,1 TB SSD
DELL Core i5 11th Gen,69990,95990,Processor: i5-11260H (Base: 2.60 GHz up to 4.40 GHz) 12MB Cache,RAM & Storage: 16GB DDR4 (2 DIMM Slots) 512GB SSD,"Display: 15.6"" FHD WVA AG 250 nits 120Hz Narrow Border"
Lenovo Ryzen 5 Hexa Core 5600H,59490,89490,AMD Ryzen 5 Hexa Core Processor,8 GB DDR4 RAM,256 GB SSD
DELL Inspiron Core i3 11th Gen,41490,58225,Processor: Intel i3-1115G4 (Base- 1.70 GHz & Turbo up to 4.10 GHz) 2 Cores,RAM & Storage: 8GB DDR4 & 1TB + 256GB SSD,"Display: 15.6"" FHD WVA AG Narrow Border"
DELL Ryzen 3 Quad Core 5425U,35290,50837,Processor: R3-5425U (2.70 GHz up to 4.1 GHz),RAM & Storage: 8GB DDR4 & 256GB SSD,Software: Win 11 + Office H&S 2021
ASUS Vivobook 15 OLED (2022) Core i5 12th Gen,67500,85990,Get unparalleled power and reliability with the new Intel 12th Gen CPU,15.6 Inch Full HD OLED 16:9 aspect ratio, 0.2ms response time
Lenovo Ideapad Slim 5i Core i5 11th Gen,65999,0,Intel Core i5 Processor (11th Gen),8 GB DDR4 RAM,512 GB SSD
Lenovo IdeaPad Gaming Core i7 10th Gen,75989,102090,Intel Core i7 Processor (10th Gen),8 GB DDR4 RAM,512 GB SSD
ASUS Vivobook 14 Core i3 10th Gen,31990,40990,Intel Core i3 Processor (10th Gen),8 GB DDR4 RAM,1 TB HDD
HP Pavilion Core i5 7th Gen,61290,0,Full HD LED Backlit IPS UWVA Display,Preloaded Microsoft Office Home and Student 2016,NVIDIA GeForce 940MX Graphics
Lenovo Intel Core i3 11th Gen,34490,48490,Intel Core i3 Processor (11th Gen),8 GB DDR4 RAM,256 GB SSD
Lenovo Athlon Dual Core 3050U,18990,29999,AMD Athlon Dual Core Processor,4 GB DDR4 RAM,1 TB HDD
HP Core i3 11th Gen,41999,45743,Intel Core i3 Processor (11th Gen),8 GB DDR4 RAM,512 GB SSD
acer Gaming Core i5 11th Gen,62990,99999,Intel Core i5 Processor (11th Gen),16 GB DDR4 RAM,512 GB SSD
DELL Inspiron Core i5 11th Gen,57990,83014,Intel Core i5 Processor (11th Gen),16 GB DDR4 RAM,512 GB SSD
DELL Vostro Core i3 10th Gen,43490,60541,Intel Core i3 Processor (10th Gen),8 GB DDR4 RAM,512 GB SSD
ASUS Vivobook S 14 Flip Ryzen 5 Hexa Core R5,69000,79000,AMD Ryzen 5 Hexa Core Processor,8 GB DDR4 RAM,512 GB SSD
DELL Core i3 11th Gen,43990,61408,Intel Core i3 Processor (11th Gen),8 GB DDR4 RAM,512 GB SSD
realme Book(Slim) Intel Evo Core i5 11th Gen,59990,69999,Powered by 11th Gen Intel Evo Core i5 Processor,Microsoft Office 2019 Home & Student Included,Intel Core i5 Processor (11th Gen)
HP Core i3 11th Gen,40580,48476,Intel Core i3 Processor (11th Gen),8 GB DDR4 RAM,512 GB SSD
DELL Inspiron Ryzen 3 Dual Core 3250U,38990,55133,AMD Ryzen 3 Dual Core Processor,8 GB DDR4 RAM,1 TB HDD|256 GB SSD
ASUS Vivobook 14 Core i3 11th Gen,37000,49999,Intel Core i3 Processor (11th Gen),8 GB DDR4 RAM,512 GB SSD
Lenovo Ryzen 5 Hexa Core 5600H,59490,89490,AMD Ryzen 5 Hexa Core Processor,8 GB DDR4 RAM,256 GB SSD
DELL Inspiron Ryzen 5 Dual Core 3450U,39990,62422,Processor: AMD Ryzen 5-3450U (2.10 GHz up to 3.50 GHz),RAM & Storage: 8GB DDR4 (2 DIMM Slots) & 512GB SSD,"Display: 15.6"" FHD WVA AG Narrow Border"
ASUS Vivobook 14 Pentium Quad Core,33900,39990,Intel Pentium Quad Core Processor,8 GB DDR4 RAM,256 GB SSD
Lenovo Core i3 11th Gen,44490,59999,Intel Core i3 Processor (11th Gen),8 GB DDR4 RAM,512 GB SSD
ASUS Ryzen 7 Dual Core 11th Gen,68600,89900,AMD Ryzen 7 Dual Core Processor (11th Gen),16 GB DDR4 RAM,512 GB SSD
DELL Core i5 11th Gen,59340,89902,Intel Core i5 Processor (11th Gen),8 GB DDR4 RAM,512 GB SSD
ASUS Vivobook 15 Core i5 12th Gen,66900,73600,Intel Core i5 Processor (12th Gen),16 GB DDR4 RAM,512 GB SSD
HP Core i3 11th Gen,40890,49599,Intel Core i3 Processor (11th Gen),8 GB DDR4 RAM,512 GB SSD
DELL Inspiron Core i5 11th Gen,65999,79999,Intel Core i5 Processor (11th Gen),8 GB LPDDR4X RAM,512 GB SSD
HP intel Celeron Dual Core,26490,31531,Intel Celeron Dual Core Processor,4 GB LPDDR4 RAM,35.56 cm (14 Inch) Touchscreen Display
HP 247 G8 Ryzen 3 Quad Core,30399,39999,AMD Ryzen 3 Quad Core Processor,8 GB DDR4 RAM,512 GB SSD
AXL Celeron Dual Core,18990,31990,Intel Celeron Dual Core Processor,4 GB DDR4 RAM,128 GB SSD
ASUS VivoBook Ultra 14 Core i5 11th Gen,55241,79990,Intel Core i5 Processor (11th Gen),8 GB DDR4 RAM,512 GB SSD
HP Victus Ryzen 5 Hexa Core 5600H,68990,84198,AMD Ryzen 5 Hexa Core Processor,8 GB DDR4 RAM,512 GB SSD
Lenovo IdeaPad 3 Core i3 11th Gen,38990,61590,Intel Core i3 Processor (11th Gen),8 GB DDR4 RAM,256 GB SSD
ASUS Core i5 10th Gen,47990,62990,Intel Core i5 Processor (10th Gen),8 GB DDR4 RAM,512 GB SSD
Lenovo Intel Core i5 12th Gen,68300,97890,Intel Core i5 Processor (12th Gen),16 GB DDR4 RAM,512 GB SSD
Lenovo IdeaPad 3 Core i3 11th Gen,38990,61590,Intel Core i3 Processor (11th Gen),8 GB DDR4 RAM,256 GB SSD
ASUS Ryzen 7 Octa Core 10th Gen,102000,136990,AMD Ryzen 7 Octa Core Processor (10th Gen),16 GB DDR4 RAM,512 GB SSD
ASUS Vivobook X515EA Core i3 11th Gen,36990,51990,Intel Core i3 Processor (11th Gen),8 GB DDR4 RAM,256 GB SSD
Lenovo IdeaPad 3 Core i3 10th Gen,31990,53790,Intel Core i3 Processor (10th Gen),4 GB DDR4 RAM,256 GB SSD
Lenovo Intel Core i5 12th Gen,68300,97890,Intel Core i5 Processor (12th Gen),16 GB DDR4 RAM,512 GB SSD
HP Core i3 11th Gen,47199,50774,Intel Core i3 Processor (11th Gen),8 GB DDR4 RAM,512 GB SSD
DELL Ryzen 5 Quad Core,46290,59809,AMD Ryzen 5 Quad Core Processor,8 GB DDR4 RAM,512 GB SSD
realme Book(Slim) Intel Evo Core i5 11th Gen,59990,69999,Powered by 11th Gen Intel Evo Core i5 Processor,Microsoft Office 2019 Home & Student Included,Intel Core i5 Processor (11th Gen)
HP 15s Intel Core i5 12th Gen,63350,68900,Intel Core i5 Processor (12th Gen),8 GB DDR4 RAM,512 GB SSD
ASUS Core i5 10th Gen,47990,62990,Intel Core i5 Processor (10th Gen),8 GB DDR4 RAM,512 GB SSD
DELL Core i3 11th Gen,41890,55890,Intel Core i3 Processor (11th Gen),8 GB DDR4 RAM,512 GB SSD
DELL Inspiron Core i5 11th Gen,54490,72234,Intel Core i5 Processor (11th Gen),8 GB DDR4 RAM,1 TB HDD|256 GB SSD
MSI GF63 Thin Core i5 9th Gen,59990,72990,Intel Core i5 Processor (9th Gen),8 GB DDR4 RAM,512 GB SSD
ASUS Vivobook 15 Ryzen 3 Dual Core AMD Ryzen 3 3250U,35990,49990,AMD Ryzen 3 Dual Core Processor,8 GB DDR4 RAM,512 GB SSD
Lenovo Ideapad Slim 3i (2021) Core i5 11th Gen,54990,75390,Intel Core i5 Processor (11th Gen),8 GB DDR4 RAM,256 GB SSD
Lenovo Athlon Dual Core,21989,38000,AMD Athlon Dual Core Processor,4 GB DDR4 RAM,256 GB SSD
HP 15s Core i5 11th Gen,59500,66523,Intel Core i5 Processor (11th Gen),8 GB DDR4 RAM,512 GB SSD
DELL Inspiron Core i3 11th Gen,41990,55890,Intel Core i3 Processor (11th Gen),8 GB DDR4 RAM,1 TB HDD|256 GB SSD
DELL Inspiron Core i5 11th Gen,63990,74990,Intel Core i5 Processor (11th Gen),8 GB DDR4 RAM,512 GB SSD
ASUS VivoBook Ultra 14 Core i5 11th Gen,55241,79990,Intel Core i5 Processor (11th Gen),8 GB DDR4 RAM,512 GB SSD
acer Aspire 3 Celeron Dual Core,26990,34990,Intel Celeron Dual Core Processor,8 GB DDR4 RAM,256 GB SSD
HP MediaTek Kompanio 500,25999,0,MediaTek MediaTek Kompanio 500 Processor,64 GB DDR4 RAM,29.46 cm (11.6 inch) Touchscreen Display
Lenovo IdeaPad Gaming Ryzen 5 Hexa Core 5600H,67589,89490,AMD Ryzen 5 Hexa Core Processor,8 GB DDR4 RAM,512 GB SSD
ASUS Vivobook S14 Ryzen 5 Hexa Core Ryzen,61630,78990,AMD Ryzen 5 Hexa Core Processor,8 GB DDR4 RAM,1 TB SSD
Lenovo Thinkpad Ryzen 5 Hexa Core 5600U,65499,78400,AMD Ryzen 5 Hexa Core Processor,8 GB DDR4 RAM,512 GB SSD
Lenovo Core i3 10th Gen,33500,41414,Intel Core i3 Processor (10th Gen),4 GB DDR4 RAM,1 TB HDD
DELL Core i5 11th Gen,54490,77168,Intel Core i5 Processor (11th Gen),8 GB DDR4 RAM,512 GB SSD
Lenovo IdeaPad 3 Core i3 10th Gen,31990,53790,Intel Core i3 Processor (10th Gen),4 GB DDR4 RAM,256 GB SSD
ASUS VivoBook K15 OLED (2022) Core i3 11th Gen,55000,58990,Intel Core i3 Processor (11th Gen),8 GB DDR4 RAM,256 GB SSD
DELL G15 Core i5 10th Gen,67000,78014,NVIDIA GeForce GTX 1650,15.6 inches Full HD, 2-sided narrow bezel
HP Pavilion Aero Ryzen 5 Hexa Core 5600U,64450,89990,AMD Ryzen 5 Hexa Core Processor,16 GB DDR4 RAM,512 GB SSD
realme Book(Slim) Intel Evo Core i5 11th Gen,59990,69999,Powered by 11th Gen Intel Evo Core i5 Processor,Microsoft Office 2019 Home & Student Included,Intel Core i5 Processor (11th Gen)
Lenovo Core i5 11th Gen,61990,84190,Intel Core i5 Processor (11th Gen),8 GB DDR4 RAM,512 GB SSD
DELL Core i3 11th Gen,43990,53799,Intel Core i3 Processor (11th Gen),8 GB DDR4 RAM,1 TB HDD|256 GB SSD
HP 14s Intel Core i3 11th Gen,40000,48999,Intel Core i3 Processor (11th Gen),8 GB DDR4 RAM,256 GB SSD
Lenovo Ryzen 5 Hexa Core 5600H,59490,89490,AMD Ryzen 5 Hexa Core Processor,8 GB DDR4 RAM,256 GB SSD
HP Ryzen 3 Dual Core 3250U,37250,46698,AMD Ryzen 3 Dual Core Processor,8 GB DDR4 RAM,256 GB SSD
DELL Athlon Dual Core,33990,47489,AMD Athlon Dual Core Processor,8 GB DDR4 RAM,256 GB SSD
ASUS Pentium Quad Core,28959,39880,Intel Pentium Quad Core Processor,8 GB DDR4 RAM,256 GB SSD
DELL Inspiron Ryzen 3 Dual Core 3250U,38990,52602,AMD Ryzen 3 Dual Core Processor,8 GB DDR4 RAM,256 GB SSD
HP 15s Ryzen 5 Quad Core 3500U,45116,48471,AMD Ryzen 5 Quad Core Processor,8 GB DDR4 RAM,512 GB SSD
HP Ryzen 3 Dual Core 3rd Gen,33490,42654,AMD Ryzen 3 Dual Core Processor (3rd Gen),8 GB DDR4 RAM,1 TB HDD
DELL Inspiron Ryzen 3 Dual Core 3250U,38890,49613,AMD Ryzen 3 Dual Core Processor,8 GB DDR4 RAM,1 TB HDD
Lenovo IdeaPad Flex 5 Core i3 11th Gen,58490,82490,Intel Core i3 Processor (11th Gen),8 GB DDR4 RAM,512 GB SSD
HP Pavilion Ryzen 5 Hexa Core 5500U,64990,69500,AMD Ryzen 5 Hexa Core Processor,16 GB DDR4 RAM,512 GB SSD
Lenovo Thinkbook Core i3 11th Gen,45500,89900,Intel Core i3 Processor (11th Gen),8 GB DDR4 RAM,512 GB SSD
ASUS Asus Vivobook 15 Core i5 11th Gen,45980,59500,Intel Core i5 Processor (11th Gen),8 GB DDR4 RAM,512 GB SSD
HP Pavilion Gaming Ryzen 5 Hexa Core 4600H,61500,75000,AMD Ryzen 5 Hexa Core Processor,8 GB DDR4 RAM,1 TB HDD|256 GB SSD
DELL DELL 5590 Core i5 10th Gen,69899,76000,Intel Core i5 Processor (10th Gen),8 GB DDR4 RAM,512 GB SSD
acer Swift 3 Core i5 8th Gen,59434,65546,Intel Core i5 Processor (8th Gen),8 GB DDR4 RAM,256 GB SSD
HP Ryzen 3 Dual Core,27990,43628,AMD Ryzen 3 Dual Core Processor,8 GB DDR4 RAM,256 GB SSD
Lenovo IdeaPad 3 Core i3 10th Gen,31990,53790,Intel Core i3 Processor (10th Gen),4 GB DDR4 RAM,256 GB SSD
Avita PURA APU Dual Core A6,17990,27990,AMD APU Dual Core A6 Processor,4 GB DDR4 RAM,128 GB SSD
ASUS Vivobook 15 Core i5 11th Gen,50990,66990,Intel Core i5 Processor (11th Gen),8 GB DDR4 RAM,512 GB SSD
Lenovo IdeaPad 3 Chromebook Celeron Dual Core,19990,24840,Intel Celeron Dual Core Processor,4 GB LPDDR4 RAM,29.46 cm (11.6 Inch) Display
realme Book(Slim) Intel Evo Core i5 11th Gen,59990,69999,Powered by 11th Gen Intel Evo Core i5 Processor,Microsoft Office 2019 Home & Student Included,Intel Core i5 Processor (11th Gen)
HP Intel Core i5 11th Gen,61000,64011,Intel Core i5 Processor (11th Gen),8 GB DDR4 RAM,512 GB SSD
Vaio E Series Ryzen 7 Quad Core 3700U,57990,76090,AMD Ryzen 7 Quad Core Processor,8 GB DDR4 RAM,512 GB SSD
Nokia PureBook S14 Core i5 10th Gen,43990,74990,Intel Core i5 Processor (10th Gen),8 GB DDR4 RAM,512 GB SSD
Vaio E Series Ryzen 7 Quad Core 3700U,52990,76090,AMD Ryzen 7 Quad Core Processor,8 GB DDR4 RAM,512 GB SSD
DELL Vostro Core i3 11th Gen,40500,44780,Intel Core i3 Processor (11th Gen),8 GB DDR4 RAM,1 TB HDD
Avita Liber V14 Ryzen 5 Quad Core 3500U,49990,55490,AMD Ryzen 5 Quad Core Processor,8 GB DDR4 RAM,512 GB SSD
ASUS Chromebook Celeron Dual Core,21990,24990,Intel Celeron Dual Core Processor,4 GB LPDDR4 RAM,35.56 cm (14 inch) Display
HP G8 Ryzen 3 Dual Core 3250U,28490,41610,AMD Ryzen 3 Dual Core Processor,8 GB DDR4 RAM,1 TB HDD
Lenovo Ideapad S145 Core i3 10th Gen,36490,39956,Intel Core i3 Processor (10th Gen),8 GB DDR4 RAM,256 GB SSD
HP Core i3 11th Gen,37990,44176,Intel Core i3 Processor (11th Gen),8 GB DDR4 RAM,512 GB SSD
Avita Liber Core i7 10th Gen,51990,83390,Intel Core i7 Processor (10th Gen),16 GB DDR4 RAM,1 TB SSD
Lenovo Ideapad S145 Ryzen 3 Dual Core 3200U,30490,37190,AMD Ryzen 3 Dual Core Processor,4 GB DDR4 RAM,1 TB HDD
Lenovo Ideapad 330 Ryzen 5 Quad Core 2500U,29990,39577,AMD Ryzen 5 Quad Core Processor,4 GB DDR4 RAM,1 TB HDD
ASUS Vivo Book Core i3 10th Gen,38000,42990,Intel Core i3 Processor (10th Gen),4 GB DDR4 RAM,1 TB HDD
HP Laptop 255 G8 Notebook Ryzen 3 Dual Core AMD Ryzen 3,32283,39498,AMD Ryzen 3 Dual Core Processor,8 GB DDR4 RAM,1 TB HDD
HP Core i3 10th Gen,39643,0,Intel Core i3 Processor (10th Gen),4 GB DDR4 RAM,1 TB HDD
ASUS Asus Vivobook 15 Core i5 11th Gen,49990,68990,Intel Core i5 Processor (11th Gen),8 GB DDR4 RAM,512 GB SSD
DELL Inspiron Core i5 12th Gen,67990,78276,Intel Core i5 Processor (12th Gen),8 GB DDR4 RAM,512 GB SSD
HP Core i3 11th Gen,39676,44616,Intel Core i3 Processor (11th Gen),8 GB DDR4 RAM,1 TB HDD
Lenovo IdeaPad 3 Core i3 10th Gen,31990,53790,Intel Core i3 Processor (10th Gen),4 GB DDR4 RAM,256 GB SSD
HP 15s Intel Core i5 11th Gen,59980,73034,Intel Core i5 Processor (11th Gen),8 GB DDR4 RAM,512 GB SSD
Avita Liber Core i5 7th Gen,65556,79990,Intel Core i5 Processor (7th Gen),8 GB DDR4 RAM,512 GB SSD
Avita Liber Core i5 7th Gen,65556,79990,Intel Core i5 Processor (7th Gen),8 GB DDR4 RAM,512 GB SSD
realme Book(Slim) Intel Evo Core i5 11th Gen,59990,69999,Powered by 11th Gen Intel Evo Core i5 Processor,Microsoft Office 2019 Home & Student Included,Intel Core i5 Processor (11th Gen)
Avita Liber Core i5 7th Gen,65556,79990,Intel Core i5 Processor (7th Gen),8 GB DDR4 RAM,512 GB SSD
ASUS Ryzen 5 Quad Core 3rd Gen,41990,57990,AMD Ryzen 5 Quad Core Processor (3rd Gen),8 GB DDR4 RAM,512 GB SSD
Nokia PureBook S14 Core i5 11th Gen,47990,82990,Intel Core i5 Processor (11th Gen),8 GB DDR4 RAM,512 GB SSD
DELL Inspiron Core i5 11th Gen,55990,75946,Intel Core i5 Processor (11th Gen),8 GB DDR4 RAM,1 TB HDD|256 GB SSD
HP Chromebook MediaTek Kompanio 500,20691,25451,MediaTek MediaTek Kompanio 500 Processor,4 GB LPDDR4X RAM,29.46 cm (11.6 inch) Touchscreen Display
DELL Inspiron Core i5 11th Gen,62490,87150,Intel Core i5 Processor (11th Gen),8 GB DDR4 RAM,1 TB HDD|256 GB SSD
DELL INSPIRON Core i3 10th Gen,47899,49078,Intel Core i3 Processor (10th Gen),8 GB DDR4 RAM,1 TB HDD
Lenovo Ideapad Slim 3i (2021) Core i5 11th Gen,62615,74390,Intel Core i5 Processor (11th Gen),8 GB DDR4 RAM,512 GB SSD
Lenovo IdeaPad Core i3 10th Gen,38500,52250,Intel Core i3 Processor (10th Gen),8 GB DDR4 RAM,256 GB SSD
Lenovo Ideapad 530s Core i5 8th Gen,59999,80000,Intel Core i5 Processor (8th Gen),8 GB DDR4 RAM,512 GB SSD
DELL Inspiron Core i3 4th Gen,32000,33000,Intel Core i3 Processor (4th Gen),4 GB DDR3 RAM,1 TB HDD
Lenovo Yoga Slim 7 Core i5 10th Gen,68999,101090,Intel Core i5 Processor (10th Gen),8 GB LPDDR4X RAM,512 GB SSD
ASUS Ryzen 3 Dual Core 3250U,35500,37990,AMD Ryzen 3 Dual Core Processor,4 GB DDR4 RAM,256 GB SSD
HP Pavilion 15,64990,68270,Intel Core i5 Processor (8th Gen),8 GB DDR4 RAM,1 TB HDD
Lenovo Core i3 11th Gen,33990,39000,Intel Core i3 Processor (11th Gen),4 GB DDR4 RAM,256 GB SSD
Lenovo Core i5 11th Gen,65990,97890,Intel Core i5 Processor (11th Gen),8 GB DDR4 RAM,512 GB SSD
ASUS Core i3 10th Gen,30990,46990,Intel Core i3 Processor (10th Gen),8 GB DDR4 RAM,1 TB HDD
acer Extensa 15 Pentium Quad Core,25490,38999,Intel Pentium Quad Core Processor,4 GB DDR4 RAM,1 TB HDD
DELL Ryzen 5 Hexa Core 5625U,52990,70250,AMD Ryzen 5 Hexa Core Processor,8 GB DDR4 RAM,512 GB SSD
Lenovo IdeaPad 3 Core i3 10th Gen,31990,53790,Intel Core i3 Processor (10th Gen),4 GB DDR4 RAM,256 GB SSD
ASUS Celeron Dual Core,22990,30990,Intel Celeron Dual Core Processor,4 GB DDR4 RAM,1 TB HDD
DELL Vostro Core i3 11th Gen,44490,56437,Intel Core i3 Processor (11th Gen),8 GB DDR4 RAM,512 GB SSD
acer Aspire 5 Core i3 12th Gen,47990,59999,Intel Core i3 Processor (12th Gen),8 GB DDR4 RAM,512 GB SSD
realme Book(Slim) Intel Evo Core i5 11th Gen,59990,69999,Powered by 11th Gen Intel Evo Core i5 Processor,Microsoft Office 2019 Home & Student Included,Intel Core i5 Processor (11th Gen)
Lenovo Intel Celeron Dual Core 4th Gen,22700,34890,Intel Celeron Dual Core Processor (4th Gen),4 GB LPDDR4 RAM,35.56 cm (14 inch) Display
DELL Vostro Core i3 11th Gen,44690,59781,Intel Core i3 Processor (11th Gen),4 GB DDR4 RAM,1 TB HDD|256 GB SSD
Avita PURA APU Dual Core A6,18490,27990,AMD APU Dual Core A6 Processor,4 GB DDR4 RAM,128 GB SSD
DELL Inspiron Core i3 11th Gen,45090,59550,Intel Core i3 Processor (11th Gen),8 GB DDR4 RAM,512 GB SSD
DELL Inspiron Ryzen 3 Dual Core 3250U,37390,51574,AMD Ryzen 3 Dual Core Processor,8 GB DDR4 RAM,1 TB HDD
acer Aspire 3 Pentium Quad Core,27490,32999,Intel Pentium Quad Core Processor,4 GB DDR3 RAM,500 GB HDD
ASUS Vivobook 14 Core i3 10th Gen,33990,42990,Intel Core i3 Processor (10th Gen),4 GB DDR4 RAM,1 TB HDD
Lenovo APU Dual Core A9 A99425,25250,28000,AMD APU Dual Core A9 Processor,4 GB DDR4 RAM,1 TB HDD
HP Chromebook MediaTek Kompanio 500,22990,25451,MediaTek MediaTek Kompanio 500 Processor,4 GB LPDDR4X RAM,29.46 cm (11.6 inch) Touchscreen Display
Lenovo Core i3 11th Gen,33990,45832,Intel Core i3 Processor (11th Gen),4 GB DDR4 RAM,1 TB HDD
DELL Inspiron Ryzen 5 Hexa Core 5625U,53990,68782,AMD Ryzen 5 Hexa Core Processor,8 GB DDR4 RAM,512 GB SSD
DELL Core i3 10th Gen,41990,54992,Intel Core i3 Processor (10th Gen),8 GB DDR4 RAM,1 TB HDD
acer Aspire 5 Core i5 8th Gen,61990,62549,Intel Core i5 Processor (8th Gen),8 GB DDR4 RAM,1 TB HDD
DELL Core i3 10th Gen,46000,59101,Intel Core i3 Processor (10th Gen),8 GB DDR4 RAM,1 TB HDD|256 GB SSD
acer Aspire 3 Core i5 10th Gen,49745,56491,Intel Core i5 Processor (10th Gen),8 GB DDR4 RAM,1 TB HDD
DELL Ryzen 3 Dual Core 3250U,39990,53640,AMD Ryzen 3 Dual Core Processor,8 GB DDR4 RAM,256 GB SSD
DELL Core i3 10th Gen,41990,54992,Intel Core i3 Processor (10th Gen),8 GB DDR4 RAM,1 TB HDD
DELL Inspiron Ryzen 5 Hexa Core 5625U,53990,68782,AMD Ryzen 5 Hexa Core Processor,8 GB DDR4 RAM,512 GB SSD
DELL Ryzen 3 Dual Core 3250U,39990,53640,AMD Ryzen 3 Dual Core Processor,8 GB DDR4 RAM,256 GB SSD
Lenovo IdeaPad 3 Core i3 10th Gen,31990,53790,Intel Core i3 Processor (10th Gen),4 GB DDR4 RAM,256 GB SSD
acer Aspire 5 Core i5 8th Gen,61990,62549,Intel Core i5 Processor (8th Gen),8 GB DDR4 RAM,1 TB HDD
DELL Core i3 10th Gen,46000,59101,Intel Core i3 Processor (10th Gen),8 GB DDR4 RAM,1 TB HDD|256 GB SSD
Lenovo E41 APU Dual Core A6 A6,27490,29000,AMD APU Dual Core A6 Processor,4 GB DDR4 RAM,1 TB HDD
realme Book(Slim) Intel Evo Core i5 11th Gen,59990,69999,Powered by 11th Gen Intel Evo Core i5 Processor,Microsoft Office 2019 Home & Student Included,Intel Core i5 Processor (11th Gen)
Smartron t.book flex Core i5 7th Gen,52990,55999,Intel Core i5 Processor (7th Gen),4 GB DDR3 RAM,128 GB SSD
Smartron t.book flex Core i5 7th Gen,53490,55999,Intel Core i5 Processor (7th Gen),4 GB DDR3 RAM,128 GB SSD
HP Chromebook MediaTek Kompanio 500,22990,25451,MediaTek MediaTek Kompanio 500 Processor,4 GB DDR4 RAM,29.46 cm (11.6 inch) Touchscreen Display
Lenovo Ryzen 5 Hexa Core 5600H,59490,89490,AMD Ryzen 5 Hexa Core Processor,8 GB DDR4 RAM,256 GB SSD
acer Aspire 3 Core i3 8th Gen,34002,44999,Intel Core i3 Processor (8th Gen),4 GB DDR4 RAM,1 TB HDD
DELL Inspiron Core i5 11th Gen,67990,101639,Intel Core i5 Processor (11th Gen),16 GB DDR4 RAM,512 GB SSD
Lenovo IdeaPad 1 Celeron Dual Core,24499,32090,Intel Celeron Dual Core Processor,4 GB DDR4 RAM,128 GB SSD
ASUS VivoBook 15 (2021) Core i3 11th Gen,34250,49990,Intel Core i3 Processor (11th Gen),8 GB DDR4 RAM,1 TB HDD
ASUS Core i3 10th Gen,33990,50990,Intel Core i3 Processor (10th Gen),8 GB DDR4 RAM,512 GB SSD
HP Pavilion Gaming Ryzen 5 Hexa Core AMD R5,62990,68192,AMD Ryzen 5 Hexa Core Processor,8 GB DDR4 RAM,1 TB HDD
Lenovo IdeaPad Gaming 3 Core i5 11th Gen,57990,92320,Intel Core i5 Processor (11th Gen),8 GB DDR4 RAM,512 GB SSD
Infinix INBook X2 Plus Core i3 11th Gen,40990,49990,Intel Core i3 Processor (11th Gen),8 GB LPDDR4X RAM,512 GB SSD
DELL Inspiron Ryzen 3 Dual Core 3250U,40790,50132,AMD Ryzen 3 Dual Core Processor,8 GB DDR4 RAM,256 GB SSD
MSI Core i3 12th Gen,45490,58990,Intel Core i3 Processor (12th Gen),8 GB DDR4 RAM,512 GB SSD
ASUS Core i3 10th Gen,33990,45499,Intel Core i3 Processor (10th Gen),8 GB DDR4 RAM,512 GB SSD
HP Pavilion Ryzen 5 Hexa Core 5625U,63990,72536,AMD Ryzen 5 Hexa Core Processor,16 GB DDR4 RAM,512 GB SSD
